INFO:     Started server process [17168]
INFO:     Waiting for application startup.
INFO:     Application startup complete.
INFO:     Uvicorn running on http://127.0.0.1:8000 (Press CTRL+C to quit)
C:\ProgramData\anaconda3\Lib\site-packages\sklearn\base.py:442: InconsistentVersionWarning: Trying to unpickle estimator SimpleImputer from version 1.6.1 when using version 1.7.2. This might lead to breaking code or invalid results. Use at your own risk. For more info please refer to:
https://scikit-learn.org/stable/model_persistence.html#security-maintainability-limitations
  warnings.warn(
C:\ProgramData\anaconda3\Lib\site-packages\sklearn\base.py:442: InconsistentVersionWarning: Trying to unpickle estimator OneHotEncoder from version 1.6.1 when using version 1.7.2. This might lead to breaking code or invalid results. Use at your own risk. For more info please refer to:
https://scikit-learn.org/stable/model_persistence.html#security-maintainability-limitations
  warnings.warn(
C:\ProgramData\anaconda3\Lib\site-packages\sklearn\base.py:442: InconsistentVersionWarning: Trying to unpickle estimator Pipeline from version 1.6.1 when using version 1.7.2. This might lead to breaking code or invalid results. Use at your own risk. For more info please refer to:
https://scikit-learn.org/stable/model_persistence.html#security-maintainability-limitations
  warnings.warn(
ERROR:    Exception in ASGI application
Traceback (most recent call last):
  File "C:\Users\Dell\AppData\Roaming\Python\Python313\site-packages\uvicorn\protocols\http\httptools_impl.py", line 421, in run_asgi
    result = await app(  # type: ignore[func-returns-value]
             ^^^^^^^^^^^^^^^^^^^^^^^^^^^^^^^^^^^^^^^^^^^^^^
        self.scope, self.receive, self.send
        ^^^^^^^^^^^^^^^^^^^^^^^^^^^^^^^^^^^
    )
    ^
  File "C:\Users\Dell\AppData\Roaming\Python\Python313\site-packages\uvicorn\middleware\proxy_headers.py", line 62, in __call__
    return await self.app(scope, receive, send)
           ^^^^^^^^^^^^^^^^^^^^^^^^^^^^^^^^^^^^
  File "C:\Users\Dell\AppData\Roaming\Python\Python313\site-packages\fastapi\applications.py", line 1159, in __call__
    await super().__call__(scope, receive, send)
  File "C:\Users\Dell\AppData\Roaming\Python\Python313\site-packages\starlette\applications.py", line 90, in __call__
    await self.middleware_stack(scope, receive, send)
  File "C:\Users\Dell\AppData\Roaming\Python\Python313\site-packages\starlette\middleware\errors.py", line 186, in __call__
    raise exc
  File "C:\Users\Dell\AppData\Roaming\Python\Python313\site-packages\starlette\middleware\errors.py", line 164, in __call__
    await self.app(scope, receive, _send)
  File "C:\Users\Dell\AppData\Roaming\Python\Python313\site-packages\starlette\middleware\cors.py", line 96, in __call__
    await self.simple_response(scope, receive, send, request_headers=headers)
  File "C:\Users\Dell\AppData\Roaming\Python\Python313\site-packages\starlette\middleware\cors.py", line 154, in simple_response
    await self.app(scope, receive, send)
  File "C:\Users\Dell\AppData\Roaming\Python\Python313\site-packages\starlette\middleware\exceptions.py", line 63, in __call__
    await wrap_app_handling_exceptions(self.app, conn)(scope, receive, send)
  File "C:\Users\Dell\AppData\Roaming\Python\Python313\site-packages\starlette\_exception_handler.py", line 53, in wrapped_app
    raise exc
  File "C:\Users\Dell\AppData\Roaming\Python\Python313\site-packages\starlette\_exception_handler.py", line 42, in wrapped_app
    await app(scope, receive, sender)
  File "C:\Users\Dell\AppData\Roaming\Python\Python313\site-packages\fastapi\middleware\asyncexitstack.py", line 18, in __call__
    await self.app(scope, receive, send)
  File "C:\Users\Dell\AppData\Roaming\Python\Python313\site-packages\starlette\routing.py", line 660, in __call__
    await self.middleware_stack(scope, receive, send)
  File "C:\Users\Dell\AppData\Roaming\Python\Python313\site-packages\starlette\routing.py", line 680, in app
    await route.handle(scope, receive, send)
  File "C:\Users\Dell\AppData\Roaming\Python\Python313\site-packages\starlette\routing.py", line 276, in handle
    await self.app(scope, receive, send)
  File "C:\Users\Dell\AppData\Roaming\Python\Python313\site-packages\fastapi\routing.py", line 134, in app
    await wrap_app_handling_exceptions(app, request)(scope, receive, send)
  File "C:\Users\Dell\AppData\Roaming\Python\Python313\site-packages\starlette\_exception_handler.py", line 53, in wrapped_app
    raise exc
  File "C:\Users\Dell\AppData\Roaming\Python\Python313\site-packages\starlette\_exception_handler.py", line 42, in wrapped_app
    await app(scope, receive, sender)
  File "C:\Users\Dell\AppData\Roaming\Python\Python313\site-packages\fastapi\routing.py", line 120, in app
    response = await f(request)
               ^^^^^^^^^^^^^^^^
  File "C:\Users\Dell\AppData\Roaming\Python\Python313\site-packages\fastapi\routing.py", line 674, in app
    raw_response = await run_endpoint_function(
                   ^^^^^^^^^^^^^^^^^^^^^^^^^^^^
    ...<3 lines>...
    )
    ^
  File "C:\Users\Dell\AppData\Roaming\Python\Python313\site-packages\fastapi\routing.py", line 330, in run_endpoint_function
    return await run_in_threadpool(dependant.call, **values)
           ^^^^^^^^^^^^^^^^^^^^^^^^^^^^^^^^^^^^^^^^^^^^^^^^^
  File "C:\Users\Dell\AppData\Roaming\Python\Python313\site-packages\starlette\concurrency.py", line 32, in run_in_threadpool
    return await anyio.to_thread.run_sync(func)
           ^^^^^^^^^^^^^^^^^^^^^^^^^^^^^^^^^^^^
  File "C:\ProgramData\anaconda3\Lib\site-packages\anyio\to_thread.py", line 56, in run_sync
    return await get_async_backend().run_sync_in_worker_thread(
           ^^^^^^^^^^^^^^^^^^^^^^^^^^^^^^^^^^^^^^^^^^^^^^^^^^^^
        func, args, abandon_on_cancel=abandon_on_cancel, limiter=limiter
        ^^^^^^^^^^^^^^^^^^^^^^^^^^^^^^^^^^^^^^^^^^^^^^^^^^^^^^^^^^^^^^^^
    )
    ^
  File "C:\ProgramData\anaconda3\Lib\site-packages\anyio\_backends\_asyncio.py", line 2476, in run_sync_in_worker_thread
    return await future
           ^^^^^^^^^^^^
  File "C:\ProgramData\anaconda3\Lib\site-packages\anyio\_backends\_asyncio.py", line 967, in run
    result = context.run(func, *args)
  File "D:\ML projects\Smart-Agriculture-MLOps-main\backend\app\api\routes\price.py", line 24, in predict_price
    result = predict("price_prediction_model.pkl", request.model_dump())
  File "D:\ML projects\Smart-Agriculture-MLOps-main\backend\app\model_service.py", line 21, in predict
    model = load_model(model_name)
  File "D:\ML projects\Smart-Agriculture-MLOps-main\backend\app\model_service.py", line 17, in load_model
    return joblib.load(model_path)
           ~~~~~~~~~~~^^^^^^^^^^^^
  File "C:\ProgramData\anaconda3\Lib\site-packages\joblib\numpy_pickle.py", line 749, in load
    obj = _unpickle(
        fobj,
    ...<2 lines>...
        mmap_mode=validated_mmap_mode,
    )
  File "C:\ProgramData\anaconda3\Lib\site-packages\joblib\numpy_pickle.py", line 626, in _unpickle
    obj = unpickler.load()
  File "C:\ProgramData\anaconda3\Lib\pickle.py", line 1256, in load
    dispatch[key[0]](self)
    ~~~~~~~~~~~~~~~~^^^^^^
  File "C:\ProgramData\anaconda3\Lib\pickle.py", line 1581, in load_stack_global
    self.append(self.find_class(module, name))
                ~~~~~~~~~~~~~~~^^^^^^^^^^^^^^
  File "C:\ProgramData\anaconda3\Lib\pickle.py", line 1624, in find_class
    return _getattribute(sys.modules[module], name)[0]
           ~~~~~~~~~~~~~^^^^^^^^^^^^^^^^^^^^^^^^^^^
  File "C:\ProgramData\anaconda3\Lib\pickle.py", line 326, in _getattribute
    raise AttributeError("Can't get attribute {!r} on {!r}"
                         .format(name, top)) from None
AttributeError: Can't get attribute '_RemainderColsList' on <module 'sklearn.compose._column_transformer' from 'C:\\ProgramData\\anaconda3\\Lib\\site-packages\\sklearn\\compose\\_column_transformer.py'>
ERROR:    Exception in ASGI application
Traceback (most recent call last):
  File "C:\Users\Dell\AppData\Roaming\Python\Python313\site-packages\uvicorn\protocols\http\httptools_impl.py", line 421, in run_asgi
    result = await app(  # type: ignore[func-returns-value]
             ^^^^^^^^^^^^^^^^^^^^^^^^^^^^^^^^^^^^^^^^^^^^^^
        self.scope, self.receive, self.send
        ^^^^^^^^^^^^^^^^^^^^^^^^^^^^^^^^^^^
    )
    ^
  File "C:\Users\Dell\AppData\Roaming\Python\Python313\site-packages\uvicorn\middleware\proxy_headers.py", line 62, in __call__
    return await self.app(scope, receive, send)
           ^^^^^^^^^^^^^^^^^^^^^^^^^^^^^^^^^^^^
  File "C:\Users\Dell\AppData\Roaming\Python\Python313\site-packages\fastapi\applications.py", line 1159, in __call__
    await super().__call__(scope, receive, send)
  File "C:\Users\Dell\AppData\Roaming\Python\Python313\site-packages\starlette\applications.py", line 90, in __call__
    await self.middleware_stack(scope, receive, send)
  File "C:\Users\Dell\AppData\Roaming\Python\Python313\site-packages\starlette\middleware\errors.py", line 186, in __call__
    raise exc
  File "C:\Users\Dell\AppData\Roaming\Python\Python313\site-packages\starlette\middleware\errors.py", line 164, in __call__
    await self.app(scope, receive, _send)
  File "C:\Users\Dell\AppData\Roaming\Python\Python313\site-packages\starlette\middleware\cors.py", line 96, in __call__
    await self.simple_response(scope, receive, send, request_headers=headers)
  File "C:\Users\Dell\AppData\Roaming\Python\Python313\site-packages\starlette\middleware\cors.py", line 154, in simple_response
    await self.app(scope, receive, send)
  File "C:\Users\Dell\AppData\Roaming\Python\Python313\site-packages\starlette\middleware\exceptions.py", line 63, in __call__
    await wrap_app_handling_exceptions(self.app, conn)(scope, receive, send)
  File "C:\Users\Dell\AppData\Roaming\Python\Python313\site-packages\starlette\_exception_handler.py", line 53, in wrapped_app
    raise exc
  File "C:\Users\Dell\AppData\Roaming\Python\Python313\site-packages\starlette\_exception_handler.py", line 42, in wrapped_app
    await app(scope, receive, sender)
  File "C:\Users\Dell\AppData\Roaming\Python\Python313\site-packages\fastapi\middleware\asyncexitstack.py", line 18, in __call__
    await self.app(scope, receive, send)
  File "C:\Users\Dell\AppData\Roaming\Python\Python313\site-packages\starlette\routing.py", line 660, in __call__
    await self.middleware_stack(scope, receive, send)
  File "C:\Users\Dell\AppData\Roaming\Python\Python313\site-packages\starlette\routing.py", line 680, in app
    await route.handle(scope, receive, send)
  File "C:\Users\Dell\AppData\Roaming\Python\Python313\site-packages\starlette\routing.py", line 276, in handle
    await self.app(scope, receive, send)
  File "C:\Users\Dell\AppData\Roaming\Python\Python313\site-packages\fastapi\routing.py", line 134, in app
    await wrap_app_handling_exceptions(app, request)(scope, receive, send)
  File "C:\Users\Dell\AppData\Roaming\Python\Python313\site-packages\starlette\_exception_handler.py", line 53, in wrapped_app
    raise exc
  File "C:\Users\Dell\AppData\Roaming\Python\Python313\site-packages\starlette\_exception_handler.py", line 42, in wrapped_app
    await app(scope, receive, sender)
  File "C:\Users\Dell\AppData\Roaming\Python\Python313\site-packages\fastapi\routing.py", line 120, in app
    response = await f(request)
               ^^^^^^^^^^^^^^^^
  File "C:\Users\Dell\AppData\Roaming\Python\Python313\site-packages\fastapi\routing.py", line 674, in app
    raw_response = await run_endpoint_function(
                   ^^^^^^^^^^^^^^^^^^^^^^^^^^^^
    ...<3 lines>...
    )
    ^
  File "C:\Users\Dell\AppData\Roaming\Python\Python313\site-packages\fastapi\routing.py", line 330, in run_endpoint_function
    return await run_in_threadpool(dependant.call, **values)
           ^^^^^^^^^^^^^^^^^^^^^^^^^^^^^^^^^^^^^^^^^^^^^^^^^
  File "C:\Users\Dell\AppData\Roaming\Python\Python313\site-packages\starlette\concurrency.py", line 32, in run_in_threadpool
    return await anyio.to_thread.run_sync(func)
           ^^^^^^^^^^^^^^^^^^^^^^^^^^^^^^^^^^^^
  File "C:\ProgramData\anaconda3\Lib\site-packages\anyio\to_thread.py", line 56, in run_sync
    return await get_async_backend().run_sync_in_worker_thread(
           ^^^^^^^^^^^^^^^^^^^^^^^^^^^^^^^^^^^^^^^^^^^^^^^^^^^^
        func, args, abandon_on_cancel=abandon_on_cancel, limiter=limiter
        ^^^^^^^^^^^^^^^^^^^^^^^^^^^^^^^^^^^^^^^^^^^^^^^^^^^^^^^^^^^^^^^^
    )
    ^
  File "C:\ProgramData\anaconda3\Lib\site-packages\anyio\_backends\_asyncio.py", line 2476, in run_sync_in_worker_thread
    return await future
           ^^^^^^^^^^^^
  File "C:\ProgramData\anaconda3\Lib\site-packages\anyio\_backends\_asyncio.py", line 967, in run
    result = context.run(func, *args)
  File "D:\ML projects\Smart-Agriculture-MLOps-main\backend\app\api\routes\price.py", line 24, in predict_price
    result = predict("price_prediction_model.pkl", request.model_dump())
  File "D:\ML projects\Smart-Agriculture-MLOps-main\backend\app\model_service.py", line 21, in predict
    model = load_model(model_name)
  File "D:\ML projects\Smart-Agriculture-MLOps-main\backend\app\model_service.py", line 17, in load_model
    return joblib.load(model_path)
           ~~~~~~~~~~~^^^^^^^^^^^^
  File "C:\ProgramData\anaconda3\Lib\site-packages\joblib\numpy_pickle.py", line 749, in load
    obj = _unpickle(
        fobj,
    ...<2 lines>...
        mmap_mode=validated_mmap_mode,
    )
  File "C:\ProgramData\anaconda3\Lib\site-packages\joblib\numpy_pickle.py", line 626, in _unpickle
    obj = unpickler.load()
  File "C:\ProgramData\anaconda3\Lib\pickle.py", line 1256, in load
    dispatch[key[0]](self)
    ~~~~~~~~~~~~~~~~^^^^^^
  File "C:\ProgramData\anaconda3\Lib\pickle.py", line 1581, in load_stack_global
    self.append(self.find_class(module, name))
                ~~~~~~~~~~~~~~~^^^^^^^^^^^^^^
  File "C:\ProgramData\anaconda3\Lib\pickle.py", line 1624, in find_class
    return _getattribute(sys.modules[module], name)[0]
           ~~~~~~~~~~~~~^^^^^^^^^^^^^^^^^^^^^^^^^^^
  File "C:\ProgramData\anaconda3\Lib\pickle.py", line 326, in _getattribute
    raise AttributeError("Can't get attribute {!r} on {!r}"
                         .format(name, top)) from None
AttributeError: Can't get attribute '_RemainderColsList' on <module 'sklearn.compose._column_transformer' from 'C:\\ProgramData\\anaconda3\\Lib\\site-packages\\sklearn\\compose\\_column_transformer.py'>
ERROR:    Exception in ASGI application
Traceback (most recent call last):
  File "C:\Users\Dell\AppData\Roaming\Python\Python313\site-packages\uvicorn\protocols\http\httptools_impl.py", line 421, in run_asgi
    result = await app(  # type: ignore[func-returns-value]
             ^^^^^^^^^^^^^^^^^^^^^^^^^^^^^^^^^^^^^^^^^^^^^^
        self.scope, self.receive, self.send
        ^^^^^^^^^^^^^^^^^^^^^^^^^^^^^^^^^^^
    )
    ^
  File "C:\Users\Dell\AppData\Roaming\Python\Python313\site-packages\uvicorn\middleware\proxy_headers.py", line 62, in __call__
    return await self.app(scope, receive, send)
           ^^^^^^^^^^^^^^^^^^^^^^^^^^^^^^^^^^^^
  File "C:\Users\Dell\AppData\Roaming\Python\Python313\site-packages\fastapi\applications.py", line 1159, in __call__
    await super().__call__(scope, receive, send)
  File "C:\Users\Dell\AppData\Roaming\Python\Python313\site-packages\starlette\applications.py", line 90, in __call__
    await self.middleware_stack(scope, receive, send)
  File "C:\Users\Dell\AppData\Roaming\Python\Python313\site-packages\starlette\middleware\errors.py", line 186, in __call__
    raise exc
  File "C:\Users\Dell\AppData\Roaming\Python\Python313\site-packages\starlette\middleware\errors.py", line 164, in __call__
    await self.app(scope, receive, _send)
  File "C:\Users\Dell\AppData\Roaming\Python\Python313\site-packages\starlette\middleware\cors.py", line 96, in __call__
    await self.simple_response(scope, receive, send, request_headers=headers)
  File "C:\Users\Dell\AppData\Roaming\Python\Python313\site-packages\starlette\middleware\cors.py", line 154, in simple_response
    await self.app(scope, receive, send)
  File "C:\Users\Dell\AppData\Roaming\Python\Python313\site-packages\starlette\middleware\exceptions.py", line 63, in __call__
    await wrap_app_handling_exceptions(self.app, conn)(scope, receive, send)
  File "C:\Users\Dell\AppData\Roaming\Python\Python313\site-packages\starlette\_exception_handler.py", line 53, in wrapped_app
    raise exc
  File "C:\Users\Dell\AppData\Roaming\Python\Python313\site-packages\starlette\_exception_handler.py", line 42, in wrapped_app
    await app(scope, receive, sender)
  File "C:\Users\Dell\AppData\Roaming\Python\Python313\site-packages\fastapi\middleware\asyncexitstack.py", line 18, in __call__
    await self.app(scope, receive, send)
  File "C:\Users\Dell\AppData\Roaming\Python\Python313\site-packages\starlette\routing.py", line 660, in __call__
    await self.middleware_stack(scope, receive, send)
  File "C:\Users\Dell\AppData\Roaming\Python\Python313\site-packages\starlette\routing.py", line 680, in app
    await route.handle(scope, receive, send)
  File "C:\Users\Dell\AppData\Roaming\Python\Python313\site-packages\starlette\routing.py", line 276, in handle
    await self.app(scope, receive, send)
  File "C:\Users\Dell\AppData\Roaming\Python\Python313\site-packages\fastapi\routing.py", line 134, in app
    await wrap_app_handling_exceptions(app, request)(scope, receive, send)
  File "C:\Users\Dell\AppData\Roaming\Python\Python313\site-packages\starlette\_exception_handler.py", line 53, in wrapped_app
    raise exc
  File "C:\Users\Dell\AppData\Roaming\Python\Python313\site-packages\starlette\_exception_handler.py", line 42, in wrapped_app
    await app(scope, receive, sender)
  File "C:\Users\Dell\AppData\Roaming\Python\Python313\site-packages\fastapi\routing.py", line 120, in app
    response = await f(request)
               ^^^^^^^^^^^^^^^^
  File "C:\Users\Dell\AppData\Roaming\Python\Python313\site-packages\fastapi\routing.py", line 674, in app
    raw_response = await run_endpoint_function(
                   ^^^^^^^^^^^^^^^^^^^^^^^^^^^^
    ...<3 lines>...
    )
    ^
  File "C:\Users\Dell\AppData\Roaming\Python\Python313\site-packages\fastapi\routing.py", line 330, in run_endpoint_function
    return await run_in_threadpool(dependant.call, **values)
           ^^^^^^^^^^^^^^^^^^^^^^^^^^^^^^^^^^^^^^^^^^^^^^^^^
  File "C:\Users\Dell\AppData\Roaming\Python\Python313\site-packages\starlette\concurrency.py", line 32, in run_in_threadpool
    return await anyio.to_thread.run_sync(func)
           ^^^^^^^^^^^^^^^^^^^^^^^^^^^^^^^^^^^^
  File "C:\ProgramData\anaconda3\Lib\site-packages\anyio\to_thread.py", line 56, in run_sync
    return await get_async_backend().run_sync_in_worker_thread(
           ^^^^^^^^^^^^^^^^^^^^^^^^^^^^^^^^^^^^^^^^^^^^^^^^^^^^
        func, args, abandon_on_cancel=abandon_on_cancel, limiter=limiter
        ^^^^^^^^^^^^^^^^^^^^^^^^^^^^^^^^^^^^^^^^^^^^^^^^^^^^^^^^^^^^^^^^
    )
    ^
  File "C:\ProgramData\anaconda3\Lib\site-packages\anyio\_backends\_asyncio.py", line 2476, in run_sync_in_worker_thread
    return await future
           ^^^^^^^^^^^^
  File "C:\ProgramData\anaconda3\Lib\site-packages\anyio\_backends\_asyncio.py", line 967, in run
    result = context.run(func, *args)
  File "D:\ML projects\Smart-Agriculture-MLOps-main\backend\app\api\routes\price.py", line 24, in predict_price
    result = predict("price_prediction_model.pkl", request.model_dump())
  File "D:\ML projects\Smart-Agriculture-MLOps-main\backend\app\model_service.py", line 21, in predict
    model = load_model(model_name)
  File "D:\ML projects\Smart-Agriculture-MLOps-main\backend\app\model_service.py", line 17, in load_model
    return joblib.load(model_path)
           ~~~~~~~~~~~^^^^^^^^^^^^
  File "C:\ProgramData\anaconda3\Lib\site-packages\joblib\numpy_pickle.py", line 749, in load
    obj = _unpickle(
        fobj,
    ...<2 lines>...
        mmap_mode=validated_mmap_mode,
    )
  File "C:\ProgramData\anaconda3\Lib\site-packages\joblib\numpy_pickle.py", line 626, in _unpickle
    obj = unpickler.load()
  File "C:\ProgramData\anaconda3\Lib\pickle.py", line 1256, in load
    dispatch[key[0]](self)
    ~~~~~~~~~~~~~~~~^^^^^^
  File "C:\ProgramData\anaconda3\Lib\pickle.py", line 1581, in load_stack_global
    self.append(self.find_class(module, name))
                ~~~~~~~~~~~~~~~^^^^^^^^^^^^^^
  File "C:\ProgramData\anaconda3\Lib\pickle.py", line 1624, in find_class
    return _getattribute(sys.modules[module], name)[0]
           ~~~~~~~~~~~~~^^^^^^^^^^^^^^^^^^^^^^^^^^^
  File "C:\ProgramData\anaconda3\Lib\pickle.py", line 326, in _getattribute
    raise AttributeError("Can't get attribute {!r} on {!r}"
                         .format(name, top)) from None
AttributeError: Can't get attribute '_RemainderColsList' on <module 'sklearn.compose._column_transformer' from 'C:\\ProgramData\\anaconda3\\Lib\\site-packages\\sklearn\\compose\\_column_transformer.py'>
ERROR:    Exception in ASGI application
Traceback (most recent call last):
  File "C:\Users\Dell\AppData\Roaming\Python\Python313\site-packages\uvicorn\protocols\http\httptools_impl.py", line 421, in run_asgi
    result = await app(  # type: ignore[func-returns-value]
             ^^^^^^^^^^^^^^^^^^^^^^^^^^^^^^^^^^^^^^^^^^^^^^
        self.scope, self.receive, self.send
        ^^^^^^^^^^^^^^^^^^^^^^^^^^^^^^^^^^^
    )
    ^
  File "C:\Users\Dell\AppData\Roaming\Python\Python313\site-packages\uvicorn\middleware\proxy_headers.py", line 62, in __call__
    return await self.app(scope, receive, send)
           ^^^^^^^^^^^^^^^^^^^^^^^^^^^^^^^^^^^^
  File "C:\Users\Dell\AppData\Roaming\Python\Python313\site-packages\fastapi\applications.py", line 1159, in __call__
    await super().__call__(scope, receive, send)
  File "C:\Users\Dell\AppData\Roaming\Python\Python313\site-packages\starlette\applications.py", line 90, in __call__
    await self.middleware_stack(scope, receive, send)
  File "C:\Users\Dell\AppData\Roaming\Python\Python313\site-packages\starlette\middleware\errors.py", line 186, in __call__
    raise exc
  File "C:\Users\Dell\AppData\Roaming\Python\Python313\site-packages\starlette\middleware\errors.py", line 164, in __call__
    await self.app(scope, receive, _send)
  File "C:\Users\Dell\AppData\Roaming\Python\Python313\site-packages\starlette\middleware\cors.py", line 96, in __call__
    await self.simple_response(scope, receive, send, request_headers=headers)
  File "C:\Users\Dell\AppData\Roaming\Python\Python313\site-packages\starlette\middleware\cors.py", line 154, in simple_response
    await self.app(scope, receive, send)
  File "C:\Users\Dell\AppData\Roaming\Python\Python313\site-packages\starlette\middleware\exceptions.py", line 63, in __call__
    await wrap_app_handling_exceptions(self.app, conn)(scope, receive, send)
  File "C:\Users\Dell\AppData\Roaming\Python\Python313\site-packages\starlette\_exception_handler.py", line 53, in wrapped_app
    raise exc
  File "C:\Users\Dell\AppData\Roaming\Python\Python313\site-packages\starlette\_exception_handler.py", line 42, in wrapped_app
    await app(scope, receive, sender)
  File "C:\Users\Dell\AppData\Roaming\Python\Python313\site-packages\fastapi\middleware\asyncexitstack.py", line 18, in __call__
    await self.app(scope, receive, send)
  File "C:\Users\Dell\AppData\Roaming\Python\Python313\site-packages\starlette\routing.py", line 660, in __call__
    await self.middleware_stack(scope, receive, send)
  File "C:\Users\Dell\AppData\Roaming\Python\Python313\site-packages\starlette\routing.py", line 680, in app
    await route.handle(scope, receive, send)
  File "C:\Users\Dell\AppData\Roaming\Python\Python313\site-packages\starlette\routing.py", line 276, in handle
    await self.app(scope, receive, send)
  File "C:\Users\Dell\AppData\Roaming\Python\Python313\site-packages\fastapi\routing.py", line 134, in app
    await wrap_app_handling_exceptions(app, request)(scope, receive, send)
  File "C:\Users\Dell\AppData\Roaming\Python\Python313\site-packages\starlette\_exception_handler.py", line 53, in wrapped_app
    raise exc
  File "C:\Users\Dell\AppData\Roaming\Python\Python313\site-packages\starlette\_exception_handler.py", line 42, in wrapped_app
    await app(scope, receive, sender)
  File "C:\Users\Dell\AppData\Roaming\Python\Python313\site-packages\fastapi\routing.py", line 120, in app
    response = await f(request)
               ^^^^^^^^^^^^^^^^
  File "C:\Users\Dell\AppData\Roaming\Python\Python313\site-packages\fastapi\routing.py", line 674, in app
    raw_response = await run_endpoint_function(
                   ^^^^^^^^^^^^^^^^^^^^^^^^^^^^
    ...<3 lines>...
    )
    ^
  File "C:\Users\Dell\AppData\Roaming\Python\Python313\site-packages\fastapi\routing.py", line 330, in run_endpoint_function
    return await run_in_threadpool(dependant.call, **values)
           ^^^^^^^^^^^^^^^^^^^^^^^^^^^^^^^^^^^^^^^^^^^^^^^^^
  File "C:\Users\Dell\AppData\Roaming\Python\Python313\site-packages\starlette\concurrency.py", line 32, in run_in_threadpool
    return await anyio.to_thread.run_sync(func)
           ^^^^^^^^^^^^^^^^^^^^^^^^^^^^^^^^^^^^
  File "C:\ProgramData\anaconda3\Lib\site-packages\anyio\to_thread.py", line 56, in run_sync
    return await get_async_backend().run_sync_in_worker_thread(
           ^^^^^^^^^^^^^^^^^^^^^^^^^^^^^^^^^^^^^^^^^^^^^^^^^^^^
        func, args, abandon_on_cancel=abandon_on_cancel, limiter=limiter
        ^^^^^^^^^^^^^^^^^^^^^^^^^^^^^^^^^^^^^^^^^^^^^^^^^^^^^^^^^^^^^^^^
    )
    ^
  File "C:\ProgramData\anaconda3\Lib\site-packages\anyio\_backends\_asyncio.py", line 2476, in run_sync_in_worker_thread
    return await future
           ^^^^^^^^^^^^
  File "C:\ProgramData\anaconda3\Lib\site-packages\anyio\_backends\_asyncio.py", line 967, in run
    result = context.run(func, *args)
  File "D:\ML projects\Smart-Agriculture-MLOps-main\backend\app\api\routes\price.py", line 24, in predict_price
    result = predict("price_prediction_model.pkl", request.model_dump())
  File "D:\ML projects\Smart-Agriculture-MLOps-main\backend\app\model_service.py", line 21, in predict
    model = load_model(model_name)
  File "D:\ML projects\Smart-Agriculture-MLOps-main\backend\app\model_service.py", line 17, in load_model
    return joblib.load(model_path)
           ~~~~~~~~~~~^^^^^^^^^^^^
  File "C:\ProgramData\anaconda3\Lib\site-packages\joblib\numpy_pickle.py", line 749, in load
    obj = _unpickle(
        fobj,
    ...<2 lines>...
        mmap_mode=validated_mmap_mode,
    )
  File "C:\ProgramData\anaconda3\Lib\site-packages\joblib\numpy_pickle.py", line 626, in _unpickle
    obj = unpickler.load()
  File "C:\ProgramData\anaconda3\Lib\pickle.py", line 1256, in load
    dispatch[key[0]](self)
    ~~~~~~~~~~~~~~~~^^^^^^
  File "C:\ProgramData\anaconda3\Lib\pickle.py", line 1581, in load_stack_global
    self.append(self.find_class(module, name))
                ~~~~~~~~~~~~~~~^^^^^^^^^^^^^^
  File "C:\ProgramData\anaconda3\Lib\pickle.py", line 1624, in find_class
    return _getattribute(sys.modules[module], name)[0]
           ~~~~~~~~~~~~~^^^^^^^^^^^^^^^^^^^^^^^^^^^
  File "C:\ProgramData\anaconda3\Lib\pickle.py", line 326, in _getattribute
    raise AttributeError("Can't get attribute {!r} on {!r}"
                         .format(name, top)) from None
AttributeError: Can't get attribute '_RemainderColsList' on <module 'sklearn.compose._column_transformer' from 'C:\\ProgramData\\anaconda3\\Lib\\site-packages\\sklearn\\compose\\_column_transformer.py'>
ERROR:    Exception in ASGI application
Traceback (most recent call last):
  File "C:\Users\Dell\AppData\Roaming\Python\Python313\site-packages\uvicorn\protocols\http\httptools_impl.py", line 421, in run_asgi
    result = await app(  # type: ignore[func-returns-value]
             ^^^^^^^^^^^^^^^^^^^^^^^^^^^^^^^^^^^^^^^^^^^^^^
        self.scope, self.receive, self.send
        ^^^^^^^^^^^^^^^^^^^^^^^^^^^^^^^^^^^
    )
    ^
  File "C:\Users\Dell\AppData\Roaming\Python\Python313\site-packages\uvicorn\middleware\proxy_headers.py", line 62, in __call__
    return await self.app(scope, receive, send)
           ^^^^^^^^^^^^^^^^^^^^^^^^^^^^^^^^^^^^
  File "C:\Users\Dell\AppData\Roaming\Python\Python313\site-packages\fastapi\applications.py", line 1159, in __call__
    await super().__call__(scope, receive, send)
  File "C:\Users\Dell\AppData\Roaming\Python\Python313\site-packages\starlette\applications.py", line 90, in __call__
    await self.middleware_stack(scope, receive, send)
  File "C:\Users\Dell\AppData\Roaming\Python\Python313\site-packages\starlette\middleware\errors.py", line 186, in __call__
    raise exc
  File "C:\Users\Dell\AppData\Roaming\Python\Python313\site-packages\starlette\middleware\errors.py", line 164, in __call__
    await self.app(scope, receive, _send)
  File "C:\Users\Dell\AppData\Roaming\Python\Python313\site-packages\starlette\middleware\cors.py", line 96, in __call__
    await self.simple_response(scope, receive, send, request_headers=headers)
  File "C:\Users\Dell\AppData\Roaming\Python\Python313\site-packages\starlette\middleware\cors.py", line 154, in simple_response
    await self.app(scope, receive, send)
  File "C:\Users\Dell\AppData\Roaming\Python\Python313\site-packages\starlette\middleware\exceptions.py", line 63, in __call__
    await wrap_app_handling_exceptions(self.app, conn)(scope, receive, send)
  File "C:\Users\Dell\AppData\Roaming\Python\Python313\site-packages\starlette\_exception_handler.py", line 53, in wrapped_app
    raise exc
  File "C:\Users\Dell\AppData\Roaming\Python\Python313\site-packages\starlette\_exception_handler.py", line 42, in wrapped_app
    await app(scope, receive, sender)
  File "C:\Users\Dell\AppData\Roaming\Python\Python313\site-packages\fastapi\middleware\asyncexitstack.py", line 18, in __call__
    await self.app(scope, receive, send)
  File "C:\Users\Dell\AppData\Roaming\Python\Python313\site-packages\starlette\routing.py", line 660, in __call__
    await self.middleware_stack(scope, receive, send)
  File "C:\Users\Dell\AppData\Roaming\Python\Python313\site-packages\starlette\routing.py", line 680, in app
    await route.handle(scope, receive, send)
  File "C:\Users\Dell\AppData\Roaming\Python\Python313\site-packages\starlette\routing.py", line 276, in handle
    await self.app(scope, receive, send)
  File "C:\Users\Dell\AppData\Roaming\Python\Python313\site-packages\fastapi\routing.py", line 134, in app
    await wrap_app_handling_exceptions(app, request)(scope, receive, send)
  File "C:\Users\Dell\AppData\Roaming\Python\Python313\site-packages\starlette\_exception_handler.py", line 53, in wrapped_app
    raise exc
  File "C:\Users\Dell\AppData\Roaming\Python\Python313\site-packages\starlette\_exception_handler.py", line 42, in wrapped_app
    await app(scope, receive, sender)
  File "C:\Users\Dell\AppData\Roaming\Python\Python313\site-packages\fastapi\routing.py", line 120, in app
    response = await f(request)
               ^^^^^^^^^^^^^^^^
  File "C:\Users\Dell\AppData\Roaming\Python\Python313\site-packages\fastapi\routing.py", line 674, in app
    raw_response = await run_endpoint_function(
                   ^^^^^^^^^^^^^^^^^^^^^^^^^^^^
    ...<3 lines>...
    )
    ^
  File "C:\Users\Dell\AppData\Roaming\Python\Python313\site-packages\fastapi\routing.py", line 330, in run_endpoint_function
    return await run_in_threadpool(dependant.call, **values)
           ^^^^^^^^^^^^^^^^^^^^^^^^^^^^^^^^^^^^^^^^^^^^^^^^^
  File "C:\Users\Dell\AppData\Roaming\Python\Python313\site-packages\starlette\concurrency.py", line 32, in run_in_threadpool
    return await anyio.to_thread.run_sync(func)
           ^^^^^^^^^^^^^^^^^^^^^^^^^^^^^^^^^^^^
  File "C:\ProgramData\anaconda3\Lib\site-packages\anyio\to_thread.py", line 56, in run_sync
    return await get_async_backend().run_sync_in_worker_thread(
           ^^^^^^^^^^^^^^^^^^^^^^^^^^^^^^^^^^^^^^^^^^^^^^^^^^^^
        func, args, abandon_on_cancel=abandon_on_cancel, limiter=limiter
        ^^^^^^^^^^^^^^^^^^^^^^^^^^^^^^^^^^^^^^^^^^^^^^^^^^^^^^^^^^^^^^^^
    )
    ^
  File "C:\ProgramData\anaconda3\Lib\site-packages\anyio\_backends\_asyncio.py", line 2476, in run_sync_in_worker_thread
    return await future
           ^^^^^^^^^^^^
  File "C:\ProgramData\anaconda3\Lib\site-packages\anyio\_backends\_asyncio.py", line 967, in run
    result = context.run(func, *args)
  File "D:\ML projects\Smart-Agriculture-MLOps-main\backend\app\api\routes\price.py", line 24, in predict_price
    result = predict("price_prediction_model.pkl", request.model_dump())
  File "D:\ML projects\Smart-Agriculture-MLOps-main\backend\app\model_service.py", line 21, in predict
    model = load_model(model_name)
  File "D:\ML projects\Smart-Agriculture-MLOps-main\backend\app\model_service.py", line 17, in load_model
    return joblib.load(model_path)
           ~~~~~~~~~~~^^^^^^^^^^^^
  File "C:\ProgramData\anaconda3\Lib\site-packages\joblib\numpy_pickle.py", line 749, in load
    obj = _unpickle(
        fobj,
    ...<2 lines>...
        mmap_mode=validated_mmap_mode,
    )
  File "C:\ProgramData\anaconda3\Lib\site-packages\joblib\numpy_pickle.py", line 626, in _unpickle
    obj = unpickler.load()
  File "C:\ProgramData\anaconda3\Lib\pickle.py", line 1256, in load
    dispatch[key[0]](self)
    ~~~~~~~~~~~~~~~~^^^^^^
  File "C:\ProgramData\anaconda3\Lib\pickle.py", line 1581, in load_stack_global
    self.append(self.find_class(module, name))
                ~~~~~~~~~~~~~~~^^^^^^^^^^^^^^
  File "C:\ProgramData\anaconda3\Lib\pickle.py", line 1624, in find_class
    return _getattribute(sys.modules[module], name)[0]
           ~~~~~~~~~~~~~^^^^^^^^^^^^^^^^^^^^^^^^^^^
  File "C:\ProgramData\anaconda3\Lib\pickle.py", line 326, in _getattribute
    raise AttributeError("Can't get attribute {!r} on {!r}"
                         .format(name, top)) from None
AttributeError: Can't get attribute '_RemainderColsList' on <module 'sklearn.compose._column_transformer' from 'C:\\ProgramData\\anaconda3\\Lib\\site-packages\\sklearn\\compose\\_column_transformer.py'>
ERROR:    Exception in ASGI application
Traceback (most recent call last):
  File "C:\Users\Dell\AppData\Roaming\Python\Python313\site-packages\uvicorn\protocols\http\httptools_impl.py", line 421, in run_asgi
    result = await app(  # type: ignore[func-returns-value]
             ^^^^^^^^^^^^^^^^^^^^^^^^^^^^^^^^^^^^^^^^^^^^^^
        self.scope, self.receive, self.send
        ^^^^^^^^^^^^^^^^^^^^^^^^^^^^^^^^^^^
    )
    ^
  File "C:\Users\Dell\AppData\Roaming\Python\Python313\site-packages\uvicorn\middleware\proxy_headers.py", line 62, in __call__
    return await self.app(scope, receive, send)
           ^^^^^^^^^^^^^^^^^^^^^^^^^^^^^^^^^^^^
  File "C:\Users\Dell\AppData\Roaming\Python\Python313\site-packages\fastapi\applications.py", line 1159, in __call__
    await super().__call__(scope, receive, send)
  File "C:\Users\Dell\AppData\Roaming\Python\Python313\site-packages\starlette\applications.py", line 90, in __call__
    await self.middleware_stack(scope, receive, send)
  File "C:\Users\Dell\AppData\Roaming\Python\Python313\site-packages\starlette\middleware\errors.py", line 186, in __call__
    raise exc
  File "C:\Users\Dell\AppData\Roaming\Python\Python313\site-packages\starlette\middleware\errors.py", line 164, in __call__
    await self.app(scope, receive, _send)
  File "C:\Users\Dell\AppData\Roaming\Python\Python313\site-packages\starlette\middleware\cors.py", line 96, in __call__
    await self.simple_response(scope, receive, send, request_headers=headers)
  File "C:\Users\Dell\AppData\Roaming\Python\Python313\site-packages\starlette\middleware\cors.py", line 154, in simple_response
    await self.app(scope, receive, send)
  File "C:\Users\Dell\AppData\Roaming\Python\Python313\site-packages\starlette\middleware\exceptions.py", line 63, in __call__
    await wrap_app_handling_exceptions(self.app, conn)(scope, receive, send)
  File "C:\Users\Dell\AppData\Roaming\Python\Python313\site-packages\starlette\_exception_handler.py", line 53, in wrapped_app
    raise exc
  File "C:\Users\Dell\AppData\Roaming\Python\Python313\site-packages\starlette\_exception_handler.py", line 42, in wrapped_app
    await app(scope, receive, sender)
  File "C:\Users\Dell\AppData\Roaming\Python\Python313\site-packages\fastapi\middleware\asyncexitstack.py", line 18, in __call__
    await self.app(scope, receive, send)
  File "C:\Users\Dell\AppData\Roaming\Python\Python313\site-packages\starlette\routing.py", line 660, in __call__
    await self.middleware_stack(scope, receive, send)
  File "C:\Users\Dell\AppData\Roaming\Python\Python313\site-packages\starlette\routing.py", line 680, in app
    await route.handle(scope, receive, send)
  File "C:\Users\Dell\AppData\Roaming\Python\Python313\site-packages\starlette\routing.py", line 276, in handle
    await self.app(scope, receive, send)
  File "C:\Users\Dell\AppData\Roaming\Python\Python313\site-packages\fastapi\routing.py", line 134, in app
    await wrap_app_handling_exceptions(app, request)(scope, receive, send)
  File "C:\Users\Dell\AppData\Roaming\Python\Python313\site-packages\starlette\_exception_handler.py", line 53, in wrapped_app
    raise exc
  File "C:\Users\Dell\AppData\Roaming\Python\Python313\site-packages\starlette\_exception_handler.py", line 42, in wrapped_app
    await app(scope, receive, sender)
  File "C:\Users\Dell\AppData\Roaming\Python\Python313\site-packages\fastapi\routing.py", line 120, in app
    response = await f(request)
               ^^^^^^^^^^^^^^^^
  File "C:\Users\Dell\AppData\Roaming\Python\Python313\site-packages\fastapi\routing.py", line 674, in app
    raw_response = await run_endpoint_function(
                   ^^^^^^^^^^^^^^^^^^^^^^^^^^^^
    ...<3 lines>...
    )
    ^
  File "C:\Users\Dell\AppData\Roaming\Python\Python313\site-packages\fastapi\routing.py", line 330, in run_endpoint_function
    return await run_in_threadpool(dependant.call, **values)
           ^^^^^^^^^^^^^^^^^^^^^^^^^^^^^^^^^^^^^^^^^^^^^^^^^
  File "C:\Users\Dell\AppData\Roaming\Python\Python313\site-packages\starlette\concurrency.py", line 32, in run_in_threadpool
    return await anyio.to_thread.run_sync(func)
           ^^^^^^^^^^^^^^^^^^^^^^^^^^^^^^^^^^^^
  File "C:\ProgramData\anaconda3\Lib\site-packages\anyio\to_thread.py", line 56, in run_sync
    return await get_async_backend().run_sync_in_worker_thread(
           ^^^^^^^^^^^^^^^^^^^^^^^^^^^^^^^^^^^^^^^^^^^^^^^^^^^^
        func, args, abandon_on_cancel=abandon_on_cancel, limiter=limiter
        ^^^^^^^^^^^^^^^^^^^^^^^^^^^^^^^^^^^^^^^^^^^^^^^^^^^^^^^^^^^^^^^^
    )
    ^
  File "C:\ProgramData\anaconda3\Lib\site-packages\anyio\_backends\_asyncio.py", line 2476, in run_sync_in_worker_thread
    return await future
           ^^^^^^^^^^^^
  File "C:\ProgramData\anaconda3\Lib\site-packages\anyio\_backends\_asyncio.py", line 967, in run
    result = context.run(func, *args)
  File "D:\ML projects\Smart-Agriculture-MLOps-main\backend\app\api\routes\price.py", line 24, in predict_price
    result = predict("price_prediction_model.pkl", request.model_dump())
  File "D:\ML projects\Smart-Agriculture-MLOps-main\backend\app\model_service.py", line 21, in predict
    model = load_model(model_name)
  File "D:\ML projects\Smart-Agriculture-MLOps-main\backend\app\model_service.py", line 17, in load_model
    return joblib.load(model_path)
           ~~~~~~~~~~~^^^^^^^^^^^^
  File "C:\ProgramData\anaconda3\Lib\site-packages\joblib\numpy_pickle.py", line 749, in load
    obj = _unpickle(
        fobj,
    ...<2 lines>...
        mmap_mode=validated_mmap_mode,
    )
  File "C:\ProgramData\anaconda3\Lib\site-packages\joblib\numpy_pickle.py", line 626, in _unpickle
    obj = unpickler.load()
  File "C:\ProgramData\anaconda3\Lib\pickle.py", line 1256, in load
    dispatch[key[0]](self)
    ~~~~~~~~~~~~~~~~^^^^^^
  File "C:\ProgramData\anaconda3\Lib\pickle.py", line 1581, in load_stack_global
    self.append(self.find_class(module, name))
                ~~~~~~~~~~~~~~~^^^^^^^^^^^^^^
  File "C:\ProgramData\anaconda3\Lib\pickle.py", line 1624, in find_class
    return _getattribute(sys.modules[module], name)[0]
           ~~~~~~~~~~~~~^^^^^^^^^^^^^^^^^^^^^^^^^^^
  File "C:\ProgramData\anaconda3\Lib\pickle.py", line 326, in _getattribute
    raise AttributeError("Can't get attribute {!r} on {!r}"
                         .format(name, top)) from None
AttributeError: Can't get attribute '_RemainderColsList' on <module 'sklearn.compose._column_transformer' from 'C:\\ProgramData\\anaconda3\\Lib\\site-packages\\sklearn\\compose\\_column_transformer.py'>
C:\ProgramData\anaconda3\Lib\site-packages\sklearn\base.py:442: InconsistentVersionWarning: Trying to unpickle estimator ColumnTransformer from version 1.6.1 when using version 1.7.2. This might lead to breaking code or invalid results. Use at your own risk. For more info please refer to:
https://scikit-learn.org/stable/model_persistence.html#security-maintainability-limitations
  warnings.warn(
C:\ProgramData\anaconda3\Lib\site-packages\sklearn\base.py:442: InconsistentVersionWarning: Trying to unpickle estimator DecisionTreeClassifier from version 1.6.1 when using version 1.7.2. This might lead to breaking code or invalid results. Use at your own risk. For more info please refer to:
https://scikit-learn.org/stable/model_persistence.html#security-maintainability-limitations
  warnings.warn(
C:\ProgramData\anaconda3\Lib\site-packages\sklearn\base.py:442: InconsistentVersionWarning: Trying to unpickle estimator RandomForestClassifier from version 1.6.1 when using version 1.7.2. This might lead to breaking code or invalid results. Use at your own risk. For more info please refer to:
https://scikit-learn.org/stable/model_persistence.html#security-maintainability-limitations
  warnings.warn(
ERROR:    Exception in ASGI application
Traceback (most recent call last):
  File "C:\Users\Dell\AppData\Roaming\Python\Python313\site-packages\uvicorn\protocols\http\httptools_impl.py", line 421, in run_asgi
    result = await app(  # type: ignore[func-returns-value]
             ^^^^^^^^^^^^^^^^^^^^^^^^^^^^^^^^^^^^^^^^^^^^^^
        self.scope, self.receive, self.send
        ^^^^^^^^^^^^^^^^^^^^^^^^^^^^^^^^^^^
    )
    ^
  File "C:\Users\Dell\AppData\Roaming\Python\Python313\site-packages\uvicorn\middleware\proxy_headers.py", line 62, in __call__
    return await self.app(scope, receive, send)
           ^^^^^^^^^^^^^^^^^^^^^^^^^^^^^^^^^^^^
  File "C:\Users\Dell\AppData\Roaming\Python\Python313\site-packages\fastapi\applications.py", line 1159, in __call__
    await super().__call__(scope, receive, send)
  File "C:\Users\Dell\AppData\Roaming\Python\Python313\site-packages\starlette\applications.py", line 90, in __call__
    await self.middleware_stack(scope, receive, send)
  File "C:\Users\Dell\AppData\Roaming\Python\Python313\site-packages\starlette\middleware\errors.py", line 186, in __call__
    raise exc
  File "C:\Users\Dell\AppData\Roaming\Python\Python313\site-packages\starlette\middleware\errors.py", line 164, in __call__
    await self.app(scope, receive, _send)
  File "C:\Users\Dell\AppData\Roaming\Python\Python313\site-packages\starlette\middleware\cors.py", line 96, in __call__
    await self.simple_response(scope, receive, send, request_headers=headers)
  File "C:\Users\Dell\AppData\Roaming\Python\Python313\site-packages\starlette\middleware\cors.py", line 154, in simple_response
    await self.app(scope, receive, send)
  File "C:\Users\Dell\AppData\Roaming\Python\Python313\site-packages\starlette\middleware\exceptions.py", line 63, in __call__
    await wrap_app_handling_exceptions(self.app, conn)(scope, receive, send)
  File "C:\Users\Dell\AppData\Roaming\Python\Python313\site-packages\starlette\_exception_handler.py", line 53, in wrapped_app
    raise exc
  File "C:\Users\Dell\AppData\Roaming\Python\Python313\site-packages\starlette\_exception_handler.py", line 42, in wrapped_app
    await app(scope, receive, sender)
  File "C:\Users\Dell\AppData\Roaming\Python\Python313\site-packages\fastapi\middleware\asyncexitstack.py", line 18, in __call__
    await self.app(scope, receive, send)
  File "C:\Users\Dell\AppData\Roaming\Python\Python313\site-packages\starlette\routing.py", line 660, in __call__
    await self.middleware_stack(scope, receive, send)
  File "C:\Users\Dell\AppData\Roaming\Python\Python313\site-packages\starlette\routing.py", line 680, in app
    await route.handle(scope, receive, send)
  File "C:\Users\Dell\AppData\Roaming\Python\Python313\site-packages\starlette\routing.py", line 276, in handle
    await self.app(scope, receive, send)
  File "C:\Users\Dell\AppData\Roaming\Python\Python313\site-packages\fastapi\routing.py", line 134, in app
    await wrap_app_handling_exceptions(app, request)(scope, receive, send)
  File "C:\Users\Dell\AppData\Roaming\Python\Python313\site-packages\starlette\_exception_handler.py", line 53, in wrapped_app
    raise exc
  File "C:\Users\Dell\AppData\Roaming\Python\Python313\site-packages\starlette\_exception_handler.py", line 42, in wrapped_app
    await app(scope, receive, sender)
  File "C:\Users\Dell\AppData\Roaming\Python\Python313\site-packages\fastapi\routing.py", line 120, in app
    response = await f(request)
               ^^^^^^^^^^^^^^^^
  File "C:\Users\Dell\AppData\Roaming\Python\Python313\site-packages\fastapi\routing.py", line 674, in app
    raw_response = await run_endpoint_function(
                   ^^^^^^^^^^^^^^^^^^^^^^^^^^^^
    ...<3 lines>...
    )
    ^
  File "C:\Users\Dell\AppData\Roaming\Python\Python313\site-packages\fastapi\routing.py", line 330, in run_endpoint_function
    return await run_in_threadpool(dependant.call, **values)
           ^^^^^^^^^^^^^^^^^^^^^^^^^^^^^^^^^^^^^^^^^^^^^^^^^
  File "C:\Users\Dell\AppData\Roaming\Python\Python313\site-packages\starlette\concurrency.py", line 32, in run_in_threadpool
    return await anyio.to_thread.run_sync(func)
           ^^^^^^^^^^^^^^^^^^^^^^^^^^^^^^^^^^^^
  File "C:\ProgramData\anaconda3\Lib\site-packages\anyio\to_thread.py", line 56, in run_sync
    return await get_async_backend().run_sync_in_worker_thread(
           ^^^^^^^^^^^^^^^^^^^^^^^^^^^^^^^^^^^^^^^^^^^^^^^^^^^^
        func, args, abandon_on_cancel=abandon_on_cancel, limiter=limiter
        ^^^^^^^^^^^^^^^^^^^^^^^^^^^^^^^^^^^^^^^^^^^^^^^^^^^^^^^^^^^^^^^^
    )
    ^
  File "C:\ProgramData\anaconda3\Lib\site-packages\anyio\_backends\_asyncio.py", line 2476, in run_sync_in_worker_thread
    return await future
           ^^^^^^^^^^^^
  File "C:\ProgramData\anaconda3\Lib\site-packages\anyio\_backends\_asyncio.py", line 967, in run
    result = context.run(func, *args)
  File "D:\ML projects\Smart-Agriculture-MLOps-main\backend\app\api\routes\crop.py", line 24, in recommend_crop
    result = predict("crop_recommendation_model.pkl", request.model_dump())
  File "D:\ML projects\Smart-Agriculture-MLOps-main\backend\app\model_service.py", line 42, in predict
    result = model.predict(pd.DataFrame([features]))[0]
             ~~~~~~~~~~~~~^^^^^^^^^^^^^^^^^^^^^^^^^^
  File "C:\ProgramData\anaconda3\Lib\site-packages\sklearn\pipeline.py", line 789, in predict
    return self.steps[-1][1].predict(Xt, **params)
           ~~~~~~~~~~~~~~~~~~~~~~~~~^^^^^^^^^^^^^^
  File "C:\ProgramData\anaconda3\Lib\site-packages\sklearn\ensemble\_forest.py", line 903, in predict
    proba = self.predict_proba(X)
  File "C:\ProgramData\anaconda3\Lib\site-packages\sklearn\ensemble\_forest.py", line 956, in predict_proba
    Parallel(n_jobs=n_jobs, verbose=self.verbose, require="sharedmem")(
    ~~~~~~~~~~~~~~~~~~~~~~~~~~~~~~~~~~~~~~~~~~~~~~~~~~~~~~~~~~~~~~~~~~^
        delayed(_accumulate_prediction)(e.predict_proba, X, all_proba, lock)
        ^^^^^^^^^^^^^^^^^^^^^^^^^^^^^^^^^^^^^^^^^^^^^^^^^^^^^^^^^^^^^^^^^^^^
        for e in self.estimators_
        ^^^^^^^^^^^^^^^^^^^^^^^^^
    )
    ^
  File "C:\ProgramData\anaconda3\Lib\site-packages\sklearn\utils\parallel.py", line 82, in __call__
    return super().__call__(iterable_with_config_and_warning_filters)
           ~~~~~~~~~~~~~~~~^^^^^^^^^^^^^^^^^^^^^^^^^^^^^^^^^^^^^^^^^^
  File "C:\ProgramData\anaconda3\Lib\site-packages\joblib\parallel.py", line 2070, in __call__
    next(output)
    ~~~~^^^^^^^^
  File "C:\ProgramData\anaconda3\Lib\site-packages\joblib\parallel.py", line 1675, in _get_outputs
    self._start(iterator, pre_dispatch)
    ~~~~~~~~~~~^^^^^^^^^^^^^^^^^^^^^^^^
  File "C:\ProgramData\anaconda3\Lib\site-packages\joblib\parallel.py", line 1658, in _start
    if self.dispatch_one_batch(iterator):
       ~~~~~~~~~~~~~~~~~~~~~~~^^^^^^^^^^
  File "C:\ProgramData\anaconda3\Lib\site-packages\joblib\parallel.py", line 1540, in dispatch_one_batch
    self._dispatch(tasks)
    ~~~~~~~~~~~~~~^^^^^^^
  File "C:\ProgramData\anaconda3\Lib\site-packages\joblib\parallel.py", line 1437, in _dispatch
    job = self._backend.submit(batch, callback=batch_tracker)
  File "C:\ProgramData\anaconda3\Lib\site-packages\joblib\_parallel_backends.py", line 339, in submit
    return self._get_pool().apply_async(
           ~~~~~~~~~~~~~~^^
  File "C:\ProgramData\anaconda3\Lib\site-packages\joblib\_parallel_backends.py", line 507, in _get_pool
    self._pool = ThreadPool(self._n_jobs)
                 ~~~~~~~~~~^^^^^^^^^^^^^^
  File "C:\ProgramData\anaconda3\Lib\multiprocessing\pool.py", line 930, in __init__
    Pool.__init__(self, processes, initializer, initargs)
    ~~~~~~~~~~~~~^^^^^^^^^^^^^^^^^^^^^^^^^^^^^^^^^^^^^^^^
  File "C:\ProgramData\anaconda3\Lib\multiprocessing\pool.py", line 196, in __init__
    self._change_notifier = self._ctx.SimpleQueue()
                            ~~~~~~~~~~~~~~~~~~~~~^^
  File "C:\ProgramData\anaconda3\Lib\multiprocessing\context.py", line 113, in SimpleQueue
    return SimpleQueue(ctx=self.get_context())
  File "C:\ProgramData\anaconda3\Lib\multiprocessing\queues.py", line 360, in __init__
    self._reader, self._writer = connection.Pipe(duplex=False)
                                 ~~~~~~~~~~~~~~~^^^^^^^^^^^^^^
  File "C:\ProgramData\anaconda3\Lib\multiprocessing\connection.py", line 575, in Pipe
    h2 = _winapi.CreateFile(
        address, access, 0, _winapi.NULL, _winapi.OPEN_EXISTING,
        _winapi.FILE_FLAG_OVERLAPPED, _winapi.NULL
        )
PermissionError: [WinError 5] Access is denied
ERROR:    Exception in ASGI application
Traceback (most recent call last):
  File "C:\Users\Dell\AppData\Roaming\Python\Python313\site-packages\uvicorn\protocols\http\httptools_impl.py", line 421, in run_asgi
    result = await app(  # type: ignore[func-returns-value]
             ^^^^^^^^^^^^^^^^^^^^^^^^^^^^^^^^^^^^^^^^^^^^^^
        self.scope, self.receive, self.send
        ^^^^^^^^^^^^^^^^^^^^^^^^^^^^^^^^^^^
    )
    ^
  File "C:\Users\Dell\AppData\Roaming\Python\Python313\site-packages\uvicorn\middleware\proxy_headers.py", line 62, in __call__
    return await self.app(scope, receive, send)
           ^^^^^^^^^^^^^^^^^^^^^^^^^^^^^^^^^^^^
  File "C:\Users\Dell\AppData\Roaming\Python\Python313\site-packages\fastapi\applications.py", line 1159, in __call__
    await super().__call__(scope, receive, send)
  File "C:\Users\Dell\AppData\Roaming\Python\Python313\site-packages\starlette\applications.py", line 90, in __call__
    await self.middleware_stack(scope, receive, send)
  File "C:\Users\Dell\AppData\Roaming\Python\Python313\site-packages\starlette\middleware\errors.py", line 186, in __call__
    raise exc
  File "C:\Users\Dell\AppData\Roaming\Python\Python313\site-packages\starlette\middleware\errors.py", line 164, in __call__
    await self.app(scope, receive, _send)
  File "C:\Users\Dell\AppData\Roaming\Python\Python313\site-packages\starlette\middleware\cors.py", line 88, in __call__
    await self.app(scope, receive, send)
  File "C:\Users\Dell\AppData\Roaming\Python\Python313\site-packages\starlette\middleware\exceptions.py", line 63, in __call__
    await wrap_app_handling_exceptions(self.app, conn)(scope, receive, send)
  File "C:\Users\Dell\AppData\Roaming\Python\Python313\site-packages\starlette\_exception_handler.py", line 53, in wrapped_app
    raise exc
  File "C:\Users\Dell\AppData\Roaming\Python\Python313\site-packages\starlette\_exception_handler.py", line 42, in wrapped_app
    await app(scope, receive, sender)
  File "C:\Users\Dell\AppData\Roaming\Python\Python313\site-packages\fastapi\middleware\asyncexitstack.py", line 18, in __call__
    await self.app(scope, receive, send)
  File "C:\Users\Dell\AppData\Roaming\Python\Python313\site-packages\starlette\routing.py", line 660, in __call__
    await self.middleware_stack(scope, receive, send)
  File "C:\Users\Dell\AppData\Roaming\Python\Python313\site-packages\starlette\routing.py", line 680, in app
    await route.handle(scope, receive, send)
  File "C:\Users\Dell\AppData\Roaming\Python\Python313\site-packages\starlette\routing.py", line 276, in handle
    await self.app(scope, receive, send)
  File "C:\Users\Dell\AppData\Roaming\Python\Python313\site-packages\fastapi\routing.py", line 134, in app
    await wrap_app_handling_exceptions(app, request)(scope, receive, send)
  File "C:\Users\Dell\AppData\Roaming\Python\Python313\site-packages\starlette\_exception_handler.py", line 53, in wrapped_app
    raise exc
  File "C:\Users\Dell\AppData\Roaming\Python\Python313\site-packages\starlette\_exception_handler.py", line 42, in wrapped_app
    await app(scope, receive, sender)
  File "C:\Users\Dell\AppData\Roaming\Python\Python313\site-packages\fastapi\routing.py", line 120, in app
    response = await f(request)
               ^^^^^^^^^^^^^^^^
  File "C:\Users\Dell\AppData\Roaming\Python\Python313\site-packages\fastapi\routing.py", line 674, in app
    raw_response = await run_endpoint_function(
                   ^^^^^^^^^^^^^^^^^^^^^^^^^^^^
    ...<3 lines>...
    )
    ^
  File "C:\Users\Dell\AppData\Roaming\Python\Python313\site-packages\fastapi\routing.py", line 330, in run_endpoint_function
    return await run_in_threadpool(dependant.call, **values)
           ^^^^^^^^^^^^^^^^^^^^^^^^^^^^^^^^^^^^^^^^^^^^^^^^^
  File "C:\Users\Dell\AppData\Roaming\Python\Python313\site-packages\starlette\concurrency.py", line 32, in run_in_threadpool
    return await anyio.to_thread.run_sync(func)
           ^^^^^^^^^^^^^^^^^^^^^^^^^^^^^^^^^^^^
  File "C:\ProgramData\anaconda3\Lib\site-packages\anyio\to_thread.py", line 56, in run_sync
    return await get_async_backend().run_sync_in_worker_thread(
           ^^^^^^^^^^^^^^^^^^^^^^^^^^^^^^^^^^^^^^^^^^^^^^^^^^^^
        func, args, abandon_on_cancel=abandon_on_cancel, limiter=limiter
        ^^^^^^^^^^^^^^^^^^^^^^^^^^^^^^^^^^^^^^^^^^^^^^^^^^^^^^^^^^^^^^^^
    )
    ^
  File "C:\ProgramData\anaconda3\Lib\site-packages\anyio\_backends\_asyncio.py", line 2476, in run_sync_in_worker_thread
    return await future
           ^^^^^^^^^^^^
  File "C:\ProgramData\anaconda3\Lib\site-packages\anyio\_backends\_asyncio.py", line 967, in run
    result = context.run(func, *args)
  File "D:\ML projects\Smart-Agriculture-MLOps-main\backend\app\api\routes\crop.py", line 24, in recommend_crop
    result = predict("crop_recommendation_model.pkl", request.model_dump())
  File "D:\ML projects\Smart-Agriculture-MLOps-main\backend\app\model_service.py", line 42, in predict
    result = model.predict(pd.DataFrame([features]))[0]
             ~~~~~~~~~~~~~^^^^^^^^^^^^^^^^^^^^^^^^^^
  File "C:\ProgramData\anaconda3\Lib\site-packages\sklearn\pipeline.py", line 789, in predict
    return self.steps[-1][1].predict(Xt, **params)
           ~~~~~~~~~~~~~~~~~~~~~~~~~^^^^^^^^^^^^^^
  File "C:\ProgramData\anaconda3\Lib\site-packages\sklearn\ensemble\_forest.py", line 903, in predict
    proba = self.predict_proba(X)
  File "C:\ProgramData\anaconda3\Lib\site-packages\sklearn\ensemble\_forest.py", line 956, in predict_proba
    Parallel(n_jobs=n_jobs, verbose=self.verbose, require="sharedmem")(
    ~~~~~~~~~~~~~~~~~~~~~~~~~~~~~~~~~~~~~~~~~~~~~~~~~~~~~~~~~~~~~~~~~~^
        delayed(_accumulate_prediction)(e.predict_proba, X, all_proba, lock)
        ^^^^^^^^^^^^^^^^^^^^^^^^^^^^^^^^^^^^^^^^^^^^^^^^^^^^^^^^^^^^^^^^^^^^
        for e in self.estimators_
        ^^^^^^^^^^^^^^^^^^^^^^^^^
    )
    ^
  File "C:\ProgramData\anaconda3\Lib\site-packages\sklearn\utils\parallel.py", line 82, in __call__
    return super().__call__(iterable_with_config_and_warning_filters)
           ~~~~~~~~~~~~~~~~^^^^^^^^^^^^^^^^^^^^^^^^^^^^^^^^^^^^^^^^^^
  File "C:\ProgramData\anaconda3\Lib\site-packages\joblib\parallel.py", line 2070, in __call__
    next(output)
    ~~~~^^^^^^^^
  File "C:\ProgramData\anaconda3\Lib\site-packages\joblib\parallel.py", line 1675, in _get_outputs
    self._start(iterator, pre_dispatch)
    ~~~~~~~~~~~^^^^^^^^^^^^^^^^^^^^^^^^
  File "C:\ProgramData\anaconda3\Lib\site-packages\joblib\parallel.py", line 1658, in _start
    if self.dispatch_one_batch(iterator):
       ~~~~~~~~~~~~~~~~~~~~~~~^^^^^^^^^^
  File "C:\ProgramData\anaconda3\Lib\site-packages\joblib\parallel.py", line 1540, in dispatch_one_batch
    self._dispatch(tasks)
    ~~~~~~~~~~~~~~^^^^^^^
  File "C:\ProgramData\anaconda3\Lib\site-packages\joblib\parallel.py", line 1437, in _dispatch
    job = self._backend.submit(batch, callback=batch_tracker)
  File "C:\ProgramData\anaconda3\Lib\site-packages\joblib\_parallel_backends.py", line 339, in submit
    return self._get_pool().apply_async(
           ~~~~~~~~~~~~~~^^
  File "C:\ProgramData\anaconda3\Lib\site-packages\joblib\_parallel_backends.py", line 507, in _get_pool
    self._pool = ThreadPool(self._n_jobs)
                 ~~~~~~~~~~^^^^^^^^^^^^^^
  File "C:\ProgramData\anaconda3\Lib\multiprocessing\pool.py", line 930, in __init__
    Pool.__init__(self, processes, initializer, initargs)
    ~~~~~~~~~~~~~^^^^^^^^^^^^^^^^^^^^^^^^^^^^^^^^^^^^^^^^
  File "C:\ProgramData\anaconda3\Lib\multiprocessing\pool.py", line 196, in __init__
    self._change_notifier = self._ctx.SimpleQueue()
                            ~~~~~~~~~~~~~~~~~~~~~^^
  File "C:\ProgramData\anaconda3\Lib\multiprocessing\context.py", line 113, in SimpleQueue
    return SimpleQueue(ctx=self.get_context())
  File "C:\ProgramData\anaconda3\Lib\multiprocessing\queues.py", line 360, in __init__
    self._reader, self._writer = connection.Pipe(duplex=False)
                                 ~~~~~~~~~~~~~~~^^^^^^^^^^^^^^
  File "C:\ProgramData\anaconda3\Lib\multiprocessing\connection.py", line 575, in Pipe
    h2 = _winapi.CreateFile(
        address, access, 0, _winapi.NULL, _winapi.OPEN_EXISTING,
        _winapi.FILE_FLAG_OVERLAPPED, _winapi.NULL
        )
PermissionError: [WinError 5] Access is denied
C:\ProgramData\anaconda3\Lib\site-packages\sklearn\base.py:442: InconsistentVersionWarning: Trying to unpickle estimator SimpleImputer from version 1.6.1 when using version 1.7.2. This might lead to breaking code or invalid results. Use at your own risk. For more info please refer to:
https://scikit-learn.org/stable/model_persistence.html#security-maintainability-limitations
  warnings.warn(
C:\ProgramData\anaconda3\Lib\site-packages\sklearn\base.py:442: InconsistentVersionWarning: Trying to unpickle estimator Pipeline from version 1.6.1 when using version 1.7.2. This might lead to breaking code or invalid results. Use at your own risk. For more info please refer to:
https://scikit-learn.org/stable/model_persistence.html#security-maintainability-limitations
  warnings.warn(
C:\ProgramData\anaconda3\Lib\site-packages\sklearn\base.py:442: InconsistentVersionWarning: Trying to unpickle estimator OneHotEncoder from version 1.6.1 when using version 1.7.2. This might lead to breaking code or invalid results. Use at your own risk. For more info please refer to:
https://scikit-learn.org/stable/model_persistence.html#security-maintainability-limitations
  warnings.warn(
ERROR:    Exception in ASGI application
Traceback (most recent call last):
  File "C:\Users\Dell\AppData\Roaming\Python\Python313\site-packages\uvicorn\protocols\http\httptools_impl.py", line 421, in run_asgi
    result = await app(  # type: ignore[func-returns-value]
             ^^^^^^^^^^^^^^^^^^^^^^^^^^^^^^^^^^^^^^^^^^^^^^
        self.scope, self.receive, self.send
        ^^^^^^^^^^^^^^^^^^^^^^^^^^^^^^^^^^^
    )
    ^
  File "C:\Users\Dell\AppData\Roaming\Python\Python313\site-packages\uvicorn\middleware\proxy_headers.py", line 62, in __call__
    return await self.app(scope, receive, send)
           ^^^^^^^^^^^^^^^^^^^^^^^^^^^^^^^^^^^^
  File "C:\Users\Dell\AppData\Roaming\Python\Python313\site-packages\fastapi\applications.py", line 1159, in __call__
    await super().__call__(scope, receive, send)
  File "C:\Users\Dell\AppData\Roaming\Python\Python313\site-packages\starlette\applications.py", line 90, in __call__
    await self.middleware_stack(scope, receive, send)
  File "C:\Users\Dell\AppData\Roaming\Python\Python313\site-packages\starlette\middleware\errors.py", line 186, in __call__
    raise exc
  File "C:\Users\Dell\AppData\Roaming\Python\Python313\site-packages\starlette\middleware\errors.py", line 164, in __call__
    await self.app(scope, receive, _send)
  File "C:\Users\Dell\AppData\Roaming\Python\Python313\site-packages\starlette\middleware\cors.py", line 88, in __call__
    await self.app(scope, receive, send)
  File "C:\Users\Dell\AppData\Roaming\Python\Python313\site-packages\starlette\middleware\exceptions.py", line 63, in __call__
    await wrap_app_handling_exceptions(self.app, conn)(scope, receive, send)
  File "C:\Users\Dell\AppData\Roaming\Python\Python313\site-packages\starlette\_exception_handler.py", line 53, in wrapped_app
    raise exc
  File "C:\Users\Dell\AppData\Roaming\Python\Python313\site-packages\starlette\_exception_handler.py", line 42, in wrapped_app
    await app(scope, receive, sender)
  File "C:\Users\Dell\AppData\Roaming\Python\Python313\site-packages\fastapi\middleware\asyncexitstack.py", line 18, in __call__
    await self.app(scope, receive, send)
  File "C:\Users\Dell\AppData\Roaming\Python\Python313\site-packages\starlette\routing.py", line 660, in __call__
    await self.middleware_stack(scope, receive, send)
  File "C:\Users\Dell\AppData\Roaming\Python\Python313\site-packages\starlette\routing.py", line 680, in app
    await route.handle(scope, receive, send)
  File "C:\Users\Dell\AppData\Roaming\Python\Python313\site-packages\starlette\routing.py", line 276, in handle
    await self.app(scope, receive, send)
  File "C:\Users\Dell\AppData\Roaming\Python\Python313\site-packages\fastapi\routing.py", line 134, in app
    await wrap_app_handling_exceptions(app, request)(scope, receive, send)
  File "C:\Users\Dell\AppData\Roaming\Python\Python313\site-packages\starlette\_exception_handler.py", line 53, in wrapped_app
    raise exc
  File "C:\Users\Dell\AppData\Roaming\Python\Python313\site-packages\starlette\_exception_handler.py", line 42, in wrapped_app
    await app(scope, receive, sender)
  File "C:\Users\Dell\AppData\Roaming\Python\Python313\site-packages\fastapi\routing.py", line 120, in app
    response = await f(request)
               ^^^^^^^^^^^^^^^^
  File "C:\Users\Dell\AppData\Roaming\Python\Python313\site-packages\fastapi\routing.py", line 674, in app
    raw_response = await run_endpoint_function(
                   ^^^^^^^^^^^^^^^^^^^^^^^^^^^^
    ...<3 lines>...
    )
    ^
  File "C:\Users\Dell\AppData\Roaming\Python\Python313\site-packages\fastapi\routing.py", line 330, in run_endpoint_function
    return await run_in_threadpool(dependant.call, **values)
           ^^^^^^^^^^^^^^^^^^^^^^^^^^^^^^^^^^^^^^^^^^^^^^^^^
  File "C:\Users\Dell\AppData\Roaming\Python\Python313\site-packages\starlette\concurrency.py", line 32, in run_in_threadpool
    return await anyio.to_thread.run_sync(func)
           ^^^^^^^^^^^^^^^^^^^^^^^^^^^^^^^^^^^^
  File "C:\ProgramData\anaconda3\Lib\site-packages\anyio\to_thread.py", line 56, in run_sync
    return await get_async_backend().run_sync_in_worker_thread(
           ^^^^^^^^^^^^^^^^^^^^^^^^^^^^^^^^^^^^^^^^^^^^^^^^^^^^
        func, args, abandon_on_cancel=abandon_on_cancel, limiter=limiter
        ^^^^^^^^^^^^^^^^^^^^^^^^^^^^^^^^^^^^^^^^^^^^^^^^^^^^^^^^^^^^^^^^
    )
    ^
  File "C:\ProgramData\anaconda3\Lib\site-packages\anyio\_backends\_asyncio.py", line 2476, in run_sync_in_worker_thread
    return await future
           ^^^^^^^^^^^^
  File "C:\ProgramData\anaconda3\Lib\site-packages\anyio\_backends\_asyncio.py", line 967, in run
    result = context.run(func, *args)
  File "D:\ML projects\Smart-Agriculture-MLOps-main\backend\app\api\routes\fertilizer.py", line 27, in predict_fertilizer
    result = predict("fertilizer_model.pkl", request.model_dump())
  File "D:\ML projects\Smart-Agriculture-MLOps-main\backend\app\model_service.py", line 21, in predict
    model = load_model(model_name)
  File "D:\ML projects\Smart-Agriculture-MLOps-main\backend\app\model_service.py", line 17, in load_model
    return joblib.load(model_path)
           ~~~~~~~~~~~^^^^^^^^^^^^
  File "C:\ProgramData\anaconda3\Lib\site-packages\joblib\numpy_pickle.py", line 749, in load
    obj = _unpickle(
        fobj,
    ...<2 lines>...
        mmap_mode=validated_mmap_mode,
    )
  File "C:\ProgramData\anaconda3\Lib\site-packages\joblib\numpy_pickle.py", line 626, in _unpickle
    obj = unpickler.load()
  File "C:\ProgramData\anaconda3\Lib\pickle.py", line 1256, in load
    dispatch[key[0]](self)
    ~~~~~~~~~~~~~~~~^^^^^^
  File "C:\ProgramData\anaconda3\Lib\pickle.py", line 1581, in load_stack_global
    self.append(self.find_class(module, name))
                ~~~~~~~~~~~~~~~^^^^^^^^^^^^^^
  File "C:\ProgramData\anaconda3\Lib\pickle.py", line 1624, in find_class
    return _getattribute(sys.modules[module], name)[0]
           ~~~~~~~~~~~~~^^^^^^^^^^^^^^^^^^^^^^^^^^^
  File "C:\ProgramData\anaconda3\Lib\pickle.py", line 326, in _getattribute
    raise AttributeError("Can't get attribute {!r} on {!r}"
                         .format(name, top)) from None
AttributeError: Can't get attribute '_RemainderColsList' on <module 'sklearn.compose._column_transformer' from 'C:\\ProgramData\\anaconda3\\Lib\\site-packages\\sklearn\\compose\\_column_transformer.py'>
ERROR:    Exception in ASGI application
Traceback (most recent call last):
  File "C:\Users\Dell\AppData\Roaming\Python\Python313\site-packages\uvicorn\protocols\http\httptools_impl.py", line 421, in run_asgi
    result = await app(  # type: ignore[func-returns-value]
             ^^^^^^^^^^^^^^^^^^^^^^^^^^^^^^^^^^^^^^^^^^^^^^
        self.scope, self.receive, self.send
        ^^^^^^^^^^^^^^^^^^^^^^^^^^^^^^^^^^^
    )
    ^
  File "C:\Users\Dell\AppData\Roaming\Python\Python313\site-packages\uvicorn\middleware\proxy_headers.py", line 62, in __call__
    return await self.app(scope, receive, send)
           ^^^^^^^^^^^^^^^^^^^^^^^^^^^^^^^^^^^^
  File "C:\Users\Dell\AppData\Roaming\Python\Python313\site-packages\fastapi\applications.py", line 1159, in __call__
    await super().__call__(scope, receive, send)
  File "C:\Users\Dell\AppData\Roaming\Python\Python313\site-packages\starlette\applications.py", line 90, in __call__
    await self.middleware_stack(scope, receive, send)
  File "C:\Users\Dell\AppData\Roaming\Python\Python313\site-packages\starlette\middleware\errors.py", line 186, in __call__
    raise exc
  File "C:\Users\Dell\AppData\Roaming\Python\Python313\site-packages\starlette\middleware\errors.py", line 164, in __call__
    await self.app(scope, receive, _send)
  File "C:\Users\Dell\AppData\Roaming\Python\Python313\site-packages\starlette\middleware\cors.py", line 88, in __call__
    await self.app(scope, receive, send)
  File "C:\Users\Dell\AppData\Roaming\Python\Python313\site-packages\starlette\middleware\exceptions.py", line 63, in __call__
    await wrap_app_handling_exceptions(self.app, conn)(scope, receive, send)
  File "C:\Users\Dell\AppData\Roaming\Python\Python313\site-packages\starlette\_exception_handler.py", line 53, in wrapped_app
    raise exc
  File "C:\Users\Dell\AppData\Roaming\Python\Python313\site-packages\starlette\_exception_handler.py", line 42, in wrapped_app
    await app(scope, receive, sender)
  File "C:\Users\Dell\AppData\Roaming\Python\Python313\site-packages\fastapi\middleware\asyncexitstack.py", line 18, in __call__
    await self.app(scope, receive, send)
  File "C:\Users\Dell\AppData\Roaming\Python\Python313\site-packages\starlette\routing.py", line 660, in __call__
    await self.middleware_stack(scope, receive, send)
  File "C:\Users\Dell\AppData\Roaming\Python\Python313\site-packages\starlette\routing.py", line 680, in app
    await route.handle(scope, receive, send)
  File "C:\Users\Dell\AppData\Roaming\Python\Python313\site-packages\starlette\routing.py", line 276, in handle
    await self.app(scope, receive, send)
  File "C:\Users\Dell\AppData\Roaming\Python\Python313\site-packages\fastapi\routing.py", line 134, in app
    await wrap_app_handling_exceptions(app, request)(scope, receive, send)
  File "C:\Users\Dell\AppData\Roaming\Python\Python313\site-packages\starlette\_exception_handler.py", line 53, in wrapped_app
    raise exc
  File "C:\Users\Dell\AppData\Roaming\Python\Python313\site-packages\starlette\_exception_handler.py", line 42, in wrapped_app
    await app(scope, receive, sender)
  File "C:\Users\Dell\AppData\Roaming\Python\Python313\site-packages\fastapi\routing.py", line 120, in app
    response = await f(request)
               ^^^^^^^^^^^^^^^^
  File "C:\Users\Dell\AppData\Roaming\Python\Python313\site-packages\fastapi\routing.py", line 674, in app
    raw_response = await run_endpoint_function(
                   ^^^^^^^^^^^^^^^^^^^^^^^^^^^^
    ...<3 lines>...
    )
    ^
  File "C:\Users\Dell\AppData\Roaming\Python\Python313\site-packages\fastapi\routing.py", line 330, in run_endpoint_function
    return await run_in_threadpool(dependant.call, **values)
           ^^^^^^^^^^^^^^^^^^^^^^^^^^^^^^^^^^^^^^^^^^^^^^^^^
  File "C:\Users\Dell\AppData\Roaming\Python\Python313\site-packages\starlette\concurrency.py", line 32, in run_in_threadpool
    return await anyio.to_thread.run_sync(func)
           ^^^^^^^^^^^^^^^^^^^^^^^^^^^^^^^^^^^^
  File "C:\ProgramData\anaconda3\Lib\site-packages\anyio\to_thread.py", line 56, in run_sync
    return await get_async_backend().run_sync_in_worker_thread(
           ^^^^^^^^^^^^^^^^^^^^^^^^^^^^^^^^^^^^^^^^^^^^^^^^^^^^
        func, args, abandon_on_cancel=abandon_on_cancel, limiter=limiter
        ^^^^^^^^^^^^^^^^^^^^^^^^^^^^^^^^^^^^^^^^^^^^^^^^^^^^^^^^^^^^^^^^
    )
    ^
  File "C:\ProgramData\anaconda3\Lib\site-packages\anyio\_backends\_asyncio.py", line 2476, in run_sync_in_worker_thread
    return await future
           ^^^^^^^^^^^^
  File "C:\ProgramData\anaconda3\Lib\site-packages\anyio\_backends\_asyncio.py", line 967, in run
    result = context.run(func, *args)
  File "D:\ML projects\Smart-Agriculture-MLOps-main\backend\app\api\routes\irrigation.py", line 27, in predict_irrigation
    result = predict("irrigation_model.pkl", request.model_dump())
  File "D:\ML projects\Smart-Agriculture-MLOps-main\backend\app\model_service.py", line 21, in predict
    model = load_model(model_name)
  File "D:\ML projects\Smart-Agriculture-MLOps-main\backend\app\model_service.py", line 17, in load_model
    return joblib.load(model_path)
           ~~~~~~~~~~~^^^^^^^^^^^^
  File "C:\ProgramData\anaconda3\Lib\site-packages\joblib\numpy_pickle.py", line 749, in load
    obj = _unpickle(
        fobj,
    ...<2 lines>...
        mmap_mode=validated_mmap_mode,
    )
  File "C:\ProgramData\anaconda3\Lib\site-packages\joblib\numpy_pickle.py", line 626, in _unpickle
    obj = unpickler.load()
  File "C:\ProgramData\anaconda3\Lib\pickle.py", line 1256, in load
    dispatch[key[0]](self)
    ~~~~~~~~~~~~~~~~^^^^^^
  File "C:\ProgramData\anaconda3\Lib\pickle.py", line 1581, in load_stack_global
    self.append(self.find_class(module, name))
                ~~~~~~~~~~~~~~~^^^^^^^^^^^^^^
  File "C:\ProgramData\anaconda3\Lib\pickle.py", line 1624, in find_class
    return _getattribute(sys.modules[module], name)[0]
           ~~~~~~~~~~~~~^^^^^^^^^^^^^^^^^^^^^^^^^^^
  File "C:\ProgramData\anaconda3\Lib\pickle.py", line 326, in _getattribute
    raise AttributeError("Can't get attribute {!r} on {!r}"
                         .format(name, top)) from None
AttributeError: Can't get attribute '_RemainderColsList' on <module 'sklearn.compose._column_transformer' from 'C:\\ProgramData\\anaconda3\\Lib\\site-packages\\sklearn\\compose\\_column_transformer.py'>
ERROR:    Exception in ASGI application
Traceback (most recent call last):
  File "C:\Users\Dell\AppData\Roaming\Python\Python313\site-packages\uvicorn\protocols\http\httptools_impl.py", line 421, in run_asgi
    result = await app(  # type: ignore[func-returns-value]
             ^^^^^^^^^^^^^^^^^^^^^^^^^^^^^^^^^^^^^^^^^^^^^^
        self.scope, self.receive, self.send
        ^^^^^^^^^^^^^^^^^^^^^^^^^^^^^^^^^^^
    )
    ^
  File "C:\Users\Dell\AppData\Roaming\Python\Python313\site-packages\uvicorn\middleware\proxy_headers.py", line 62, in __call__
    return await self.app(scope, receive, send)
           ^^^^^^^^^^^^^^^^^^^^^^^^^^^^^^^^^^^^
  File "C:\Users\Dell\AppData\Roaming\Python\Python313\site-packages\fastapi\applications.py", line 1159, in __call__
    await super().__call__(scope, receive, send)
  File "C:\Users\Dell\AppData\Roaming\Python\Python313\site-packages\starlette\applications.py", line 90, in __call__
    await self.middleware_stack(scope, receive, send)
  File "C:\Users\Dell\AppData\Roaming\Python\Python313\site-packages\starlette\middleware\errors.py", line 186, in __call__
    raise exc
  File "C:\Users\Dell\AppData\Roaming\Python\Python313\site-packages\starlette\middleware\errors.py", line 164, in __call__
    await self.app(scope, receive, _send)
  File "C:\Users\Dell\AppData\Roaming\Python\Python313\site-packages\starlette\middleware\cors.py", line 88, in __call__
    await self.app(scope, receive, send)
  File "C:\Users\Dell\AppData\Roaming\Python\Python313\site-packages\starlette\middleware\exceptions.py", line 63, in __call__
    await wrap_app_handling_exceptions(self.app, conn)(scope, receive, send)
  File "C:\Users\Dell\AppData\Roaming\Python\Python313\site-packages\starlette\_exception_handler.py", line 53, in wrapped_app
    raise exc
  File "C:\Users\Dell\AppData\Roaming\Python\Python313\site-packages\starlette\_exception_handler.py", line 42, in wrapped_app
    await app(scope, receive, sender)
  File "C:\Users\Dell\AppData\Roaming\Python\Python313\site-packages\fastapi\middleware\asyncexitstack.py", line 18, in __call__
    await self.app(scope, receive, send)
  File "C:\Users\Dell\AppData\Roaming\Python\Python313\site-packages\starlette\routing.py", line 660, in __call__
    await self.middleware_stack(scope, receive, send)
  File "C:\Users\Dell\AppData\Roaming\Python\Python313\site-packages\starlette\routing.py", line 680, in app
    await route.handle(scope, receive, send)
  File "C:\Users\Dell\AppData\Roaming\Python\Python313\site-packages\starlette\routing.py", line 276, in handle
    await self.app(scope, receive, send)
  File "C:\Users\Dell\AppData\Roaming\Python\Python313\site-packages\fastapi\routing.py", line 134, in app
    await wrap_app_handling_exceptions(app, request)(scope, receive, send)
  File "C:\Users\Dell\AppData\Roaming\Python\Python313\site-packages\starlette\_exception_handler.py", line 53, in wrapped_app
    raise exc
  File "C:\Users\Dell\AppData\Roaming\Python\Python313\site-packages\starlette\_exception_handler.py", line 42, in wrapped_app
    await app(scope, receive, sender)
  File "C:\Users\Dell\AppData\Roaming\Python\Python313\site-packages\fastapi\routing.py", line 120, in app
    response = await f(request)
               ^^^^^^^^^^^^^^^^
  File "C:\Users\Dell\AppData\Roaming\Python\Python313\site-packages\fastapi\routing.py", line 674, in app
    raw_response = await run_endpoint_function(
                   ^^^^^^^^^^^^^^^^^^^^^^^^^^^^
    ...<3 lines>...
    )
    ^
  File "C:\Users\Dell\AppData\Roaming\Python\Python313\site-packages\fastapi\routing.py", line 330, in run_endpoint_function
    return await run_in_threadpool(dependant.call, **values)
           ^^^^^^^^^^^^^^^^^^^^^^^^^^^^^^^^^^^^^^^^^^^^^^^^^
  File "C:\Users\Dell\AppData\Roaming\Python\Python313\site-packages\starlette\concurrency.py", line 32, in run_in_threadpool
    return await anyio.to_thread.run_sync(func)
           ^^^^^^^^^^^^^^^^^^^^^^^^^^^^^^^^^^^^
  File "C:\ProgramData\anaconda3\Lib\site-packages\anyio\to_thread.py", line 56, in run_sync
    return await get_async_backend().run_sync_in_worker_thread(
           ^^^^^^^^^^^^^^^^^^^^^^^^^^^^^^^^^^^^^^^^^^^^^^^^^^^^
        func, args, abandon_on_cancel=abandon_on_cancel, limiter=limiter
        ^^^^^^^^^^^^^^^^^^^^^^^^^^^^^^^^^^^^^^^^^^^^^^^^^^^^^^^^^^^^^^^^
    )
    ^
  File "C:\ProgramData\anaconda3\Lib\site-packages\anyio\_backends\_asyncio.py", line 2476, in run_sync_in_worker_thread
    return await future
           ^^^^^^^^^^^^
  File "C:\ProgramData\anaconda3\Lib\site-packages\anyio\_backends\_asyncio.py", line 967, in run
    result = context.run(func, *args)
  File "D:\ML projects\Smart-Agriculture-MLOps-main\backend\app\api\routes\price.py", line 24, in predict_price
    result = predict("price_prediction_model.pkl", request.model_dump())
  File "D:\ML projects\Smart-Agriculture-MLOps-main\backend\app\model_service.py", line 21, in predict
    model = load_model(model_name)
  File "D:\ML projects\Smart-Agriculture-MLOps-main\backend\app\model_service.py", line 17, in load_model
    return joblib.load(model_path)
           ~~~~~~~~~~~^^^^^^^^^^^^
  File "C:\ProgramData\anaconda3\Lib\site-packages\joblib\numpy_pickle.py", line 749, in load
    obj = _unpickle(
        fobj,
    ...<2 lines>...
        mmap_mode=validated_mmap_mode,
    )
  File "C:\ProgramData\anaconda3\Lib\site-packages\joblib\numpy_pickle.py", line 626, in _unpickle
    obj = unpickler.load()
  File "C:\ProgramData\anaconda3\Lib\pickle.py", line 1256, in load
    dispatch[key[0]](self)
    ~~~~~~~~~~~~~~~~^^^^^^
  File "C:\ProgramData\anaconda3\Lib\pickle.py", line 1581, in load_stack_global
    self.append(self.find_class(module, name))
                ~~~~~~~~~~~~~~~^^^^^^^^^^^^^^
  File "C:\ProgramData\anaconda3\Lib\pickle.py", line 1624, in find_class
    return _getattribute(sys.modules[module], name)[0]
           ~~~~~~~~~~~~~^^^^^^^^^^^^^^^^^^^^^^^^^^^
  File "C:\ProgramData\anaconda3\Lib\pickle.py", line 326, in _getattribute
    raise AttributeError("Can't get attribute {!r} on {!r}"
                         .format(name, top)) from None
AttributeError: Can't get attribute '_RemainderColsList' on <module 'sklearn.compose._column_transformer' from 'C:\\ProgramData\\anaconda3\\Lib\\site-packages\\sklearn\\compose\\_column_transformer.py'>
ERROR:    Exception in ASGI application
Traceback (most recent call last):
  File "C:\Users\Dell\AppData\Roaming\Python\Python313\site-packages\uvicorn\protocols\http\httptools_impl.py", line 421, in run_asgi
    result = await app(  # type: ignore[func-returns-value]
             ^^^^^^^^^^^^^^^^^^^^^^^^^^^^^^^^^^^^^^^^^^^^^^
        self.scope, self.receive, self.send
        ^^^^^^^^^^^^^^^^^^^^^^^^^^^^^^^^^^^
    )
    ^
  File "C:\Users\Dell\AppData\Roaming\Python\Python313\site-packages\uvicorn\middleware\proxy_headers.py", line 62, in __call__
    return await self.app(scope, receive, send)
           ^^^^^^^^^^^^^^^^^^^^^^^^^^^^^^^^^^^^
  File "C:\Users\Dell\AppData\Roaming\Python\Python313\site-packages\fastapi\applications.py", line 1159, in __call__
    await super().__call__(scope, receive, send)
  File "C:\Users\Dell\AppData\Roaming\Python\Python313\site-packages\starlette\applications.py", line 90, in __call__
    await self.middleware_stack(scope, receive, send)
  File "C:\Users\Dell\AppData\Roaming\Python\Python313\site-packages\starlette\middleware\errors.py", line 186, in __call__
    raise exc
  File "C:\Users\Dell\AppData\Roaming\Python\Python313\site-packages\starlette\middleware\errors.py", line 164, in __call__
    await self.app(scope, receive, _send)
  File "C:\Users\Dell\AppData\Roaming\Python\Python313\site-packages\starlette\middleware\cors.py", line 88, in __call__
    await self.app(scope, receive, send)
  File "C:\Users\Dell\AppData\Roaming\Python\Python313\site-packages\starlette\middleware\exceptions.py", line 63, in __call__
    await wrap_app_handling_exceptions(self.app, conn)(scope, receive, send)
  File "C:\Users\Dell\AppData\Roaming\Python\Python313\site-packages\starlette\_exception_handler.py", line 53, in wrapped_app
    raise exc
  File "C:\Users\Dell\AppData\Roaming\Python\Python313\site-packages\starlette\_exception_handler.py", line 42, in wrapped_app
    await app(scope, receive, sender)
  File "C:\Users\Dell\AppData\Roaming\Python\Python313\site-packages\fastapi\middleware\asyncexitstack.py", line 18, in __call__
    await self.app(scope, receive, send)
  File "C:\Users\Dell\AppData\Roaming\Python\Python313\site-packages\starlette\routing.py", line 660, in __call__
    await self.middleware_stack(scope, receive, send)
  File "C:\Users\Dell\AppData\Roaming\Python\Python313\site-packages\starlette\routing.py", line 680, in app
    await route.handle(scope, receive, send)
  File "C:\Users\Dell\AppData\Roaming\Python\Python313\site-packages\starlette\routing.py", line 276, in handle
    await self.app(scope, receive, send)
  File "C:\Users\Dell\AppData\Roaming\Python\Python313\site-packages\fastapi\routing.py", line 134, in app
    await wrap_app_handling_exceptions(app, request)(scope, receive, send)
  File "C:\Users\Dell\AppData\Roaming\Python\Python313\site-packages\starlette\_exception_handler.py", line 53, in wrapped_app
    raise exc
  File "C:\Users\Dell\AppData\Roaming\Python\Python313\site-packages\starlette\_exception_handler.py", line 42, in wrapped_app
    await app(scope, receive, sender)
  File "C:\Users\Dell\AppData\Roaming\Python\Python313\site-packages\fastapi\routing.py", line 120, in app
    response = await f(request)
               ^^^^^^^^^^^^^^^^
  File "C:\Users\Dell\AppData\Roaming\Python\Python313\site-packages\fastapi\routing.py", line 674, in app
    raw_response = await run_endpoint_function(
                   ^^^^^^^^^^^^^^^^^^^^^^^^^^^^
    ...<3 lines>...
    )
    ^
  File "C:\Users\Dell\AppData\Roaming\Python\Python313\site-packages\fastapi\routing.py", line 330, in run_endpoint_function
    return await run_in_threadpool(dependant.call, **values)
           ^^^^^^^^^^^^^^^^^^^^^^^^^^^^^^^^^^^^^^^^^^^^^^^^^
  File "C:\Users\Dell\AppData\Roaming\Python\Python313\site-packages\starlette\concurrency.py", line 32, in run_in_threadpool
    return await anyio.to_thread.run_sync(func)
           ^^^^^^^^^^^^^^^^^^^^^^^^^^^^^^^^^^^^
  File "C:\ProgramData\anaconda3\Lib\site-packages\anyio\to_thread.py", line 56, in run_sync
    return await get_async_backend().run_sync_in_worker_thread(
           ^^^^^^^^^^^^^^^^^^^^^^^^^^^^^^^^^^^^^^^^^^^^^^^^^^^^
        func, args, abandon_on_cancel=abandon_on_cancel, limiter=limiter
        ^^^^^^^^^^^^^^^^^^^^^^^^^^^^^^^^^^^^^^^^^^^^^^^^^^^^^^^^^^^^^^^^
    )
    ^
  File "C:\ProgramData\anaconda3\Lib\site-packages\anyio\_backends\_asyncio.py", line 2476, in run_sync_in_worker_thread
    return await future
           ^^^^^^^^^^^^
  File "C:\ProgramData\anaconda3\Lib\site-packages\anyio\_backends\_asyncio.py", line 967, in run
    result = context.run(func, *args)
  File "D:\ML projects\Smart-Agriculture-MLOps-main\backend\app\api\routes\yield.py", line 32, in predict_yield
    result = predict("random_forest_model.pkl", values)
  File "D:\ML projects\Smart-Agriculture-MLOps-main\backend\app\model_service.py", line 21, in predict
    model = load_model(model_name)
  File "D:\ML projects\Smart-Agriculture-MLOps-main\backend\app\model_service.py", line 17, in load_model
    return joblib.load(model_path)
           ~~~~~~~~~~~^^^^^^^^^^^^
  File "C:\ProgramData\anaconda3\Lib\site-packages\joblib\numpy_pickle.py", line 749, in load
    obj = _unpickle(
        fobj,
    ...<2 lines>...
        mmap_mode=validated_mmap_mode,
    )
  File "C:\ProgramData\anaconda3\Lib\site-packages\joblib\numpy_pickle.py", line 626, in _unpickle
    obj = unpickler.load()
  File "C:\ProgramData\anaconda3\Lib\pickle.py", line 1256, in load
    dispatch[key[0]](self)
    ~~~~~~~~~~~~~~~~^^^^^^
  File "C:\ProgramData\anaconda3\Lib\pickle.py", line 1581, in load_stack_global
    self.append(self.find_class(module, name))
                ~~~~~~~~~~~~~~~^^^^^^^^^^^^^^
  File "C:\ProgramData\anaconda3\Lib\pickle.py", line 1624, in find_class
    return _getattribute(sys.modules[module], name)[0]
           ~~~~~~~~~~~~~^^^^^^^^^^^^^^^^^^^^^^^^^^^
  File "C:\ProgramData\anaconda3\Lib\pickle.py", line 326, in _getattribute
    raise AttributeError("Can't get attribute {!r} on {!r}"
                         .format(name, top)) from None
AttributeError: Can't get attribute '_RemainderColsList' on <module 'sklearn.compose._column_transformer' from 'C:\\ProgramData\\anaconda3\\Lib\\site-packages\\sklearn\\compose\\_column_transformer.py'>
ERROR:    Exception in ASGI application
Traceback (most recent call last):
  File "C:\Users\Dell\AppData\Roaming\Python\Python313\site-packages\uvicorn\protocols\http\httptools_impl.py", line 421, in run_asgi
    result = await app(  # type: ignore[func-returns-value]
             ^^^^^^^^^^^^^^^^^^^^^^^^^^^^^^^^^^^^^^^^^^^^^^
        self.scope, self.receive, self.send
        ^^^^^^^^^^^^^^^^^^^^^^^^^^^^^^^^^^^
    )
    ^
  File "C:\Users\Dell\AppData\Roaming\Python\Python313\site-packages\uvicorn\middleware\proxy_headers.py", line 62, in __call__
    return await self.app(scope, receive, send)
           ^^^^^^^^^^^^^^^^^^^^^^^^^^^^^^^^^^^^
  File "C:\Users\Dell\AppData\Roaming\Python\Python313\site-packages\fastapi\applications.py", line 1159, in __call__
    await super().__call__(scope, receive, send)
  File "C:\Users\Dell\AppData\Roaming\Python\Python313\site-packages\starlette\applications.py", line 90, in __call__
    await self.middleware_stack(scope, receive, send)
  File "C:\Users\Dell\AppData\Roaming\Python\Python313\site-packages\starlette\middleware\errors.py", line 186, in __call__
    raise exc
  File "C:\Users\Dell\AppData\Roaming\Python\Python313\site-packages\starlette\middleware\errors.py", line 164, in __call__
    await self.app(scope, receive, _send)
  File "C:\Users\Dell\AppData\Roaming\Python\Python313\site-packages\starlette\middleware\cors.py", line 96, in __call__
    await self.simple_response(scope, receive, send, request_headers=headers)
  File "C:\Users\Dell\AppData\Roaming\Python\Python313\site-packages\starlette\middleware\cors.py", line 154, in simple_response
    await self.app(scope, receive, send)
  File "C:\Users\Dell\AppData\Roaming\Python\Python313\site-packages\starlette\middleware\exceptions.py", line 63, in __call__
    await wrap_app_handling_exceptions(self.app, conn)(scope, receive, send)
  File "C:\Users\Dell\AppData\Roaming\Python\Python313\site-packages\starlette\_exception_handler.py", line 53, in wrapped_app
    raise exc
  File "C:\Users\Dell\AppData\Roaming\Python\Python313\site-packages\starlette\_exception_handler.py", line 42, in wrapped_app
    await app(scope, receive, sender)
  File "C:\Users\Dell\AppData\Roaming\Python\Python313\site-packages\fastapi\middleware\asyncexitstack.py", line 18, in __call__
    await self.app(scope, receive, send)
  File "C:\Users\Dell\AppData\Roaming\Python\Python313\site-packages\starlette\routing.py", line 660, in __call__
    await self.middleware_stack(scope, receive, send)
  File "C:\Users\Dell\AppData\Roaming\Python\Python313\site-packages\starlette\routing.py", line 680, in app
    await route.handle(scope, receive, send)
  File "C:\Users\Dell\AppData\Roaming\Python\Python313\site-packages\starlette\routing.py", line 276, in handle
    await self.app(scope, receive, send)
  File "C:\Users\Dell\AppData\Roaming\Python\Python313\site-packages\fastapi\routing.py", line 134, in app
    await wrap_app_handling_exceptions(app, request)(scope, receive, send)
  File "C:\Users\Dell\AppData\Roaming\Python\Python313\site-packages\starlette\_exception_handler.py", line 53, in wrapped_app
    raise exc
  File "C:\Users\Dell\AppData\Roaming\Python\Python313\site-packages\starlette\_exception_handler.py", line 42, in wrapped_app
    await app(scope, receive, sender)
  File "C:\Users\Dell\AppData\Roaming\Python\Python313\site-packages\fastapi\routing.py", line 120, in app
    response = await f(request)
               ^^^^^^^^^^^^^^^^
  File "C:\Users\Dell\AppData\Roaming\Python\Python313\site-packages\fastapi\routing.py", line 674, in app
    raw_response = await run_endpoint_function(
                   ^^^^^^^^^^^^^^^^^^^^^^^^^^^^
    ...<3 lines>...
    )
    ^
  File "C:\Users\Dell\AppData\Roaming\Python\Python313\site-packages\fastapi\routing.py", line 330, in run_endpoint_function
    return await run_in_threadpool(dependant.call, **values)
           ^^^^^^^^^^^^^^^^^^^^^^^^^^^^^^^^^^^^^^^^^^^^^^^^^
  File "C:\Users\Dell\AppData\Roaming\Python\Python313\site-packages\starlette\concurrency.py", line 32, in run_in_threadpool
    return await anyio.to_thread.run_sync(func)
           ^^^^^^^^^^^^^^^^^^^^^^^^^^^^^^^^^^^^
  File "C:\ProgramData\anaconda3\Lib\site-packages\anyio\to_thread.py", line 56, in run_sync
    return await get_async_backend().run_sync_in_worker_thread(
           ^^^^^^^^^^^^^^^^^^^^^^^^^^^^^^^^^^^^^^^^^^^^^^^^^^^^
        func, args, abandon_on_cancel=abandon_on_cancel, limiter=limiter
        ^^^^^^^^^^^^^^^^^^^^^^^^^^^^^^^^^^^^^^^^^^^^^^^^^^^^^^^^^^^^^^^^
    )
    ^
  File "C:\ProgramData\anaconda3\Lib\site-packages\anyio\_backends\_asyncio.py", line 2476, in run_sync_in_worker_thread
    return await future
           ^^^^^^^^^^^^
  File "C:\ProgramData\anaconda3\Lib\site-packages\anyio\_backends\_asyncio.py", line 967, in run
    result = context.run(func, *args)
  File "D:\ML projects\Smart-Agriculture-MLOps-main\backend\app\api\routes\crop.py", line 24, in recommend_crop
    result = predict("crop_recommendation_model.pkl", request.model_dump())
  File "D:\ML projects\Smart-Agriculture-MLOps-main\backend\app\model_service.py", line 42, in predict
    result = model.predict(pd.DataFrame([features]))[0]
             ~~~~~~~~~~~~~^^^^^^^^^^^^^^^^^^^^^^^^^^
  File "C:\ProgramData\anaconda3\Lib\site-packages\sklearn\pipeline.py", line 789, in predict
    return self.steps[-1][1].predict(Xt, **params)
           ~~~~~~~~~~~~~~~~~~~~~~~~~^^^^^^^^^^^^^^
  File "C:\ProgramData\anaconda3\Lib\site-packages\sklearn\ensemble\_forest.py", line 903, in predict
    proba = self.predict_proba(X)
  File "C:\ProgramData\anaconda3\Lib\site-packages\sklearn\ensemble\_forest.py", line 956, in predict_proba
    Parallel(n_jobs=n_jobs, verbose=self.verbose, require="sharedmem")(
    ~~~~~~~~~~~~~~~~~~~~~~~~~~~~~~~~~~~~~~~~~~~~~~~~~~~~~~~~~~~~~~~~~~^
        delayed(_accumulate_prediction)(e.predict_proba, X, all_proba, lock)
        ^^^^^^^^^^^^^^^^^^^^^^^^^^^^^^^^^^^^^^^^^^^^^^^^^^^^^^^^^^^^^^^^^^^^
        for e in self.estimators_
        ^^^^^^^^^^^^^^^^^^^^^^^^^
    )
    ^
  File "C:\ProgramData\anaconda3\Lib\site-packages\sklearn\utils\parallel.py", line 82, in __call__
    return super().__call__(iterable_with_config_and_warning_filters)
           ~~~~~~~~~~~~~~~~^^^^^^^^^^^^^^^^^^^^^^^^^^^^^^^^^^^^^^^^^^
  File "C:\ProgramData\anaconda3\Lib\site-packages\joblib\parallel.py", line 2070, in __call__
    next(output)
    ~~~~^^^^^^^^
  File "C:\ProgramData\anaconda3\Lib\site-packages\joblib\parallel.py", line 1675, in _get_outputs
    self._start(iterator, pre_dispatch)
    ~~~~~~~~~~~^^^^^^^^^^^^^^^^^^^^^^^^
  File "C:\ProgramData\anaconda3\Lib\site-packages\joblib\parallel.py", line 1658, in _start
    if self.dispatch_one_batch(iterator):
       ~~~~~~~~~~~~~~~~~~~~~~~^^^^^^^^^^
  File "C:\ProgramData\anaconda3\Lib\site-packages\joblib\parallel.py", line 1540, in dispatch_one_batch
    self._dispatch(tasks)
    ~~~~~~~~~~~~~~^^^^^^^
  File "C:\ProgramData\anaconda3\Lib\site-packages\joblib\parallel.py", line 1437, in _dispatch
    job = self._backend.submit(batch, callback=batch_tracker)
  File "C:\ProgramData\anaconda3\Lib\site-packages\joblib\_parallel_backends.py", line 339, in submit
    return self._get_pool().apply_async(
           ~~~~~~~~~~~~~~^^
  File "C:\ProgramData\anaconda3\Lib\site-packages\joblib\_parallel_backends.py", line 507, in _get_pool
    self._pool = ThreadPool(self._n_jobs)
                 ~~~~~~~~~~^^^^^^^^^^^^^^
  File "C:\ProgramData\anaconda3\Lib\multiprocessing\pool.py", line 930, in __init__
    Pool.__init__(self, processes, initializer, initargs)
    ~~~~~~~~~~~~~^^^^^^^^^^^^^^^^^^^^^^^^^^^^^^^^^^^^^^^^
  File "C:\ProgramData\anaconda3\Lib\multiprocessing\pool.py", line 196, in __init__
    self._change_notifier = self._ctx.SimpleQueue()
                            ~~~~~~~~~~~~~~~~~~~~~^^
  File "C:\ProgramData\anaconda3\Lib\multiprocessing\context.py", line 113, in SimpleQueue
    return SimpleQueue(ctx=self.get_context())
  File "C:\ProgramData\anaconda3\Lib\multiprocessing\queues.py", line 360, in __init__
    self._reader, self._writer = connection.Pipe(duplex=False)
                                 ~~~~~~~~~~~~~~~^^^^^^^^^^^^^^
  File "C:\ProgramData\anaconda3\Lib\multiprocessing\connection.py", line 575, in Pipe
    h2 = _winapi.CreateFile(
        address, access, 0, _winapi.NULL, _winapi.OPEN_EXISTING,
        _winapi.FILE_FLAG_OVERLAPPED, _winapi.NULL
        )
PermissionError: [WinError 5] Access is denied
ERROR:    Exception in ASGI application
Traceback (most recent call last):
  File "C:\Users\Dell\AppData\Roaming\Python\Python313\site-packages\uvicorn\protocols\http\httptools_impl.py", line 421, in run_asgi
    result = await app(  # type: ignore[func-returns-value]
             ^^^^^^^^^^^^^^^^^^^^^^^^^^^^^^^^^^^^^^^^^^^^^^
        self.scope, self.receive, self.send
        ^^^^^^^^^^^^^^^^^^^^^^^^^^^^^^^^^^^
    )
    ^
  File "C:\Users\Dell\AppData\Roaming\Python\Python313\site-packages\uvicorn\middleware\proxy_headers.py", line 62, in __call__
    return await self.app(scope, receive, send)
           ^^^^^^^^^^^^^^^^^^^^^^^^^^^^^^^^^^^^
  File "C:\Users\Dell\AppData\Roaming\Python\Python313\site-packages\fastapi\applications.py", line 1159, in __call__
    await super().__call__(scope, receive, send)
  File "C:\Users\Dell\AppData\Roaming\Python\Python313\site-packages\starlette\applications.py", line 90, in __call__
    await self.middleware_stack(scope, receive, send)
  File "C:\Users\Dell\AppData\Roaming\Python\Python313\site-packages\starlette\middleware\errors.py", line 186, in __call__
    raise exc
  File "C:\Users\Dell\AppData\Roaming\Python\Python313\site-packages\starlette\middleware\errors.py", line 164, in __call__
    await self.app(scope, receive, _send)
  File "C:\Users\Dell\AppData\Roaming\Python\Python313\site-packages\starlette\middleware\cors.py", line 88, in __call__
    await self.app(scope, receive, send)
  File "C:\Users\Dell\AppData\Roaming\Python\Python313\site-packages\starlette\middleware\exceptions.py", line 63, in __call__
    await wrap_app_handling_exceptions(self.app, conn)(scope, receive, send)
  File "C:\Users\Dell\AppData\Roaming\Python\Python313\site-packages\starlette\_exception_handler.py", line 53, in wrapped_app
    raise exc
  File "C:\Users\Dell\AppData\Roaming\Python\Python313\site-packages\starlette\_exception_handler.py", line 42, in wrapped_app
    await app(scope, receive, sender)
  File "C:\Users\Dell\AppData\Roaming\Python\Python313\site-packages\fastapi\middleware\asyncexitstack.py", line 18, in __call__
    await self.app(scope, receive, send)
  File "C:\Users\Dell\AppData\Roaming\Python\Python313\site-packages\starlette\routing.py", line 660, in __call__
    await self.middleware_stack(scope, receive, send)
  File "C:\Users\Dell\AppData\Roaming\Python\Python313\site-packages\starlette\routing.py", line 680, in app
    await route.handle(scope, receive, send)
  File "C:\Users\Dell\AppData\Roaming\Python\Python313\site-packages\starlette\routing.py", line 276, in handle
    await self.app(scope, receive, send)
  File "C:\Users\Dell\AppData\Roaming\Python\Python313\site-packages\fastapi\routing.py", line 134, in app
    await wrap_app_handling_exceptions(app, request)(scope, receive, send)
  File "C:\Users\Dell\AppData\Roaming\Python\Python313\site-packages\starlette\_exception_handler.py", line 53, in wrapped_app
    raise exc
  File "C:\Users\Dell\AppData\Roaming\Python\Python313\site-packages\starlette\_exception_handler.py", line 42, in wrapped_app
    await app(scope, receive, sender)
  File "C:\Users\Dell\AppData\Roaming\Python\Python313\site-packages\fastapi\routing.py", line 120, in app
    response = await f(request)
               ^^^^^^^^^^^^^^^^
  File "C:\Users\Dell\AppData\Roaming\Python\Python313\site-packages\fastapi\routing.py", line 674, in app
    raw_response = await run_endpoint_function(
                   ^^^^^^^^^^^^^^^^^^^^^^^^^^^^
    ...<3 lines>...
    )
    ^
  File "C:\Users\Dell\AppData\Roaming\Python\Python313\site-packages\fastapi\routing.py", line 330, in run_endpoint_function
    return await run_in_threadpool(dependant.call, **values)
           ^^^^^^^^^^^^^^^^^^^^^^^^^^^^^^^^^^^^^^^^^^^^^^^^^
  File "C:\Users\Dell\AppData\Roaming\Python\Python313\site-packages\starlette\concurrency.py", line 32, in run_in_threadpool
    return await anyio.to_thread.run_sync(func)
           ^^^^^^^^^^^^^^^^^^^^^^^^^^^^^^^^^^^^
  File "C:\ProgramData\anaconda3\Lib\site-packages\anyio\to_thread.py", line 56, in run_sync
    return await get_async_backend().run_sync_in_worker_thread(
           ^^^^^^^^^^^^^^^^^^^^^^^^^^^^^^^^^^^^^^^^^^^^^^^^^^^^
        func, args, abandon_on_cancel=abandon_on_cancel, limiter=limiter
        ^^^^^^^^^^^^^^^^^^^^^^^^^^^^^^^^^^^^^^^^^^^^^^^^^^^^^^^^^^^^^^^^
    )
    ^
  File "C:\ProgramData\anaconda3\Lib\site-packages\anyio\_backends\_asyncio.py", line 2476, in run_sync_in_worker_thread
    return await future
           ^^^^^^^^^^^^
  File "C:\ProgramData\anaconda3\Lib\site-packages\anyio\_backends\_asyncio.py", line 967, in run
    result = context.run(func, *args)
  File "D:\ML projects\Smart-Agriculture-MLOps-main\backend\app\api\routes\crop.py", line 24, in recommend_crop
    result = predict("crop_recommendation_model.pkl", request.model_dump())
  File "D:\ML projects\Smart-Agriculture-MLOps-main\backend\app\model_service.py", line 42, in predict
    result = model.predict(pd.DataFrame([features]))[0]
             ~~~~~~~~~~~~~^^^^^^^^^^^^^^^^^^^^^^^^^^
  File "C:\ProgramData\anaconda3\Lib\site-packages\sklearn\pipeline.py", line 789, in predict
    return self.steps[-1][1].predict(Xt, **params)
           ~~~~~~~~~~~~~~~~~~~~~~~~~^^^^^^^^^^^^^^
  File "C:\ProgramData\anaconda3\Lib\site-packages\sklearn\ensemble\_forest.py", line 903, in predict
    proba = self.predict_proba(X)
  File "C:\ProgramData\anaconda3\Lib\site-packages\sklearn\ensemble\_forest.py", line 956, in predict_proba
    Parallel(n_jobs=n_jobs, verbose=self.verbose, require="sharedmem")(
    ~~~~~~~~~~~~~~~~~~~~~~~~~~~~~~~~~~~~~~~~~~~~~~~~~~~~~~~~~~~~~~~~~~^
        delayed(_accumulate_prediction)(e.predict_proba, X, all_proba, lock)
        ^^^^^^^^^^^^^^^^^^^^^^^^^^^^^^^^^^^^^^^^^^^^^^^^^^^^^^^^^^^^^^^^^^^^
        for e in self.estimators_
        ^^^^^^^^^^^^^^^^^^^^^^^^^
    )
    ^
  File "C:\ProgramData\anaconda3\Lib\site-packages\sklearn\utils\parallel.py", line 82, in __call__
    return super().__call__(iterable_with_config_and_warning_filters)
           ~~~~~~~~~~~~~~~~^^^^^^^^^^^^^^^^^^^^^^^^^^^^^^^^^^^^^^^^^^
  File "C:\ProgramData\anaconda3\Lib\site-packages\joblib\parallel.py", line 2070, in __call__
    next(output)
    ~~~~^^^^^^^^
  File "C:\ProgramData\anaconda3\Lib\site-packages\joblib\parallel.py", line 1675, in _get_outputs
    self._start(iterator, pre_dispatch)
    ~~~~~~~~~~~^^^^^^^^^^^^^^^^^^^^^^^^
  File "C:\ProgramData\anaconda3\Lib\site-packages\joblib\parallel.py", line 1658, in _start
    if self.dispatch_one_batch(iterator):
       ~~~~~~~~~~~~~~~~~~~~~~~^^^^^^^^^^
  File "C:\ProgramData\anaconda3\Lib\site-packages\joblib\parallel.py", line 1540, in dispatch_one_batch
    self._dispatch(tasks)
    ~~~~~~~~~~~~~~^^^^^^^
  File "C:\ProgramData\anaconda3\Lib\site-packages\joblib\parallel.py", line 1437, in _dispatch
    job = self._backend.submit(batch, callback=batch_tracker)
  File "C:\ProgramData\anaconda3\Lib\site-packages\joblib\_parallel_backends.py", line 339, in submit
    return self._get_pool().apply_async(
           ~~~~~~~~~~~~~~^^
  File "C:\ProgramData\anaconda3\Lib\site-packages\joblib\_parallel_backends.py", line 507, in _get_pool
    self._pool = ThreadPool(self._n_jobs)
                 ~~~~~~~~~~^^^^^^^^^^^^^^
  File "C:\ProgramData\anaconda3\Lib\multiprocessing\pool.py", line 930, in __init__
    Pool.__init__(self, processes, initializer, initargs)
    ~~~~~~~~~~~~~^^^^^^^^^^^^^^^^^^^^^^^^^^^^^^^^^^^^^^^^
  File "C:\ProgramData\anaconda3\Lib\multiprocessing\pool.py", line 196, in __init__
    self._change_notifier = self._ctx.SimpleQueue()
                            ~~~~~~~~~~~~~~~~~~~~~^^
  File "C:\ProgramData\anaconda3\Lib\multiprocessing\context.py", line 113, in SimpleQueue
    return SimpleQueue(ctx=self.get_context())
  File "C:\ProgramData\anaconda3\Lib\multiprocessing\queues.py", line 360, in __init__
    self._reader, self._writer = connection.Pipe(duplex=False)
                                 ~~~~~~~~~~~~~~~^^^^^^^^^^^^^^
  File "C:\ProgramData\anaconda3\Lib\multiprocessing\connection.py", line 575, in Pipe
    h2 = _winapi.CreateFile(
        address, access, 0, _winapi.NULL, _winapi.OPEN_EXISTING,
        _winapi.FILE_FLAG_OVERLAPPED, _winapi.NULL
        )
PermissionError: [WinError 5] Access is denied
ERROR:    Exception in ASGI application
Traceback (most recent call last):
  File "C:\Users\Dell\AppData\Roaming\Python\Python313\site-packages\uvicorn\protocols\http\httptools_impl.py", line 421, in run_asgi
    result = await app(  # type: ignore[func-returns-value]
             ^^^^^^^^^^^^^^^^^^^^^^^^^^^^^^^^^^^^^^^^^^^^^^
        self.scope, self.receive, self.send
        ^^^^^^^^^^^^^^^^^^^^^^^^^^^^^^^^^^^
    )
    ^
  File "C:\Users\Dell\AppData\Roaming\Python\Python313\site-packages\uvicorn\middleware\proxy_headers.py", line 62, in __call__
    return await self.app(scope, receive, send)
           ^^^^^^^^^^^^^^^^^^^^^^^^^^^^^^^^^^^^
  File "C:\Users\Dell\AppData\Roaming\Python\Python313\site-packages\fastapi\applications.py", line 1159, in __call__
    await super().__call__(scope, receive, send)
  File "C:\Users\Dell\AppData\Roaming\Python\Python313\site-packages\starlette\applications.py", line 90, in __call__
    await self.middleware_stack(scope, receive, send)
  File "C:\Users\Dell\AppData\Roaming\Python\Python313\site-packages\starlette\middleware\errors.py", line 186, in __call__
    raise exc
  File "C:\Users\Dell\AppData\Roaming\Python\Python313\site-packages\starlette\middleware\errors.py", line 164, in __call__
    await self.app(scope, receive, _send)
  File "C:\Users\Dell\AppData\Roaming\Python\Python313\site-packages\starlette\middleware\cors.py", line 88, in __call__
    await self.app(scope, receive, send)
  File "C:\Users\Dell\AppData\Roaming\Python\Python313\site-packages\starlette\middleware\exceptions.py", line 63, in __call__
    await wrap_app_handling_exceptions(self.app, conn)(scope, receive, send)
  File "C:\Users\Dell\AppData\Roaming\Python\Python313\site-packages\starlette\_exception_handler.py", line 53, in wrapped_app
    raise exc
  File "C:\Users\Dell\AppData\Roaming\Python\Python313\site-packages\starlette\_exception_handler.py", line 42, in wrapped_app
    await app(scope, receive, sender)
  File "C:\Users\Dell\AppData\Roaming\Python\Python313\site-packages\fastapi\middleware\asyncexitstack.py", line 18, in __call__
    await self.app(scope, receive, send)
  File "C:\Users\Dell\AppData\Roaming\Python\Python313\site-packages\starlette\routing.py", line 660, in __call__
    await self.middleware_stack(scope, receive, send)
  File "C:\Users\Dell\AppData\Roaming\Python\Python313\site-packages\starlette\routing.py", line 680, in app
    await route.handle(scope, receive, send)
  File "C:\Users\Dell\AppData\Roaming\Python\Python313\site-packages\starlette\routing.py", line 276, in handle
    await self.app(scope, receive, send)
  File "C:\Users\Dell\AppData\Roaming\Python\Python313\site-packages\fastapi\routing.py", line 134, in app
    await wrap_app_handling_exceptions(app, request)(scope, receive, send)
  File "C:\Users\Dell\AppData\Roaming\Python\Python313\site-packages\starlette\_exception_handler.py", line 53, in wrapped_app
    raise exc
  File "C:\Users\Dell\AppData\Roaming\Python\Python313\site-packages\starlette\_exception_handler.py", line 42, in wrapped_app
    await app(scope, receive, sender)
  File "C:\Users\Dell\AppData\Roaming\Python\Python313\site-packages\fastapi\routing.py", line 120, in app
    response = await f(request)
               ^^^^^^^^^^^^^^^^
  File "C:\Users\Dell\AppData\Roaming\Python\Python313\site-packages\fastapi\routing.py", line 674, in app
    raw_response = await run_endpoint_function(
                   ^^^^^^^^^^^^^^^^^^^^^^^^^^^^
    ...<3 lines>...
    )
    ^
  File "C:\Users\Dell\AppData\Roaming\Python\Python313\site-packages\fastapi\routing.py", line 330, in run_endpoint_function
    return await run_in_threadpool(dependant.call, **values)
           ^^^^^^^^^^^^^^^^^^^^^^^^^^^^^^^^^^^^^^^^^^^^^^^^^
  File "C:\Users\Dell\AppData\Roaming\Python\Python313\site-packages\starlette\concurrency.py", line 32, in run_in_threadpool
    return await anyio.to_thread.run_sync(func)
           ^^^^^^^^^^^^^^^^^^^^^^^^^^^^^^^^^^^^
  File "C:\ProgramData\anaconda3\Lib\site-packages\anyio\to_thread.py", line 56, in run_sync
    return await get_async_backend().run_sync_in_worker_thread(
           ^^^^^^^^^^^^^^^^^^^^^^^^^^^^^^^^^^^^^^^^^^^^^^^^^^^^
        func, args, abandon_on_cancel=abandon_on_cancel, limiter=limiter
        ^^^^^^^^^^^^^^^^^^^^^^^^^^^^^^^^^^^^^^^^^^^^^^^^^^^^^^^^^^^^^^^^
    )
    ^
  File "C:\ProgramData\anaconda3\Lib\site-packages\anyio\_backends\_asyncio.py", line 2476, in run_sync_in_worker_thread
    return await future
           ^^^^^^^^^^^^
  File "C:\ProgramData\anaconda3\Lib\site-packages\anyio\_backends\_asyncio.py", line 967, in run
    result = context.run(func, *args)
  File "D:\ML projects\Smart-Agriculture-MLOps-main\backend\app\api\routes\crop.py", line 24, in recommend_crop
    result = predict("crop_recommendation_model.pkl", request.model_dump())
  File "D:\ML projects\Smart-Agriculture-MLOps-main\backend\app\model_service.py", line 42, in predict
    result = model.predict(pd.DataFrame([features]))[0]
             ~~~~~~~~~~~~~^^^^^^^^^^^^^^^^^^^^^^^^^^
  File "C:\ProgramData\anaconda3\Lib\site-packages\sklearn\pipeline.py", line 789, in predict
    return self.steps[-1][1].predict(Xt, **params)
           ~~~~~~~~~~~~~~~~~~~~~~~~~^^^^^^^^^^^^^^
  File "C:\ProgramData\anaconda3\Lib\site-packages\sklearn\ensemble\_forest.py", line 903, in predict
    proba = self.predict_proba(X)
  File "C:\ProgramData\anaconda3\Lib\site-packages\sklearn\ensemble\_forest.py", line 956, in predict_proba
    Parallel(n_jobs=n_jobs, verbose=self.verbose, require="sharedmem")(
    ~~~~~~~~~~~~~~~~~~~~~~~~~~~~~~~~~~~~~~~~~~~~~~~~~~~~~~~~~~~~~~~~~~^
        delayed(_accumulate_prediction)(e.predict_proba, X, all_proba, lock)
        ^^^^^^^^^^^^^^^^^^^^^^^^^^^^^^^^^^^^^^^^^^^^^^^^^^^^^^^^^^^^^^^^^^^^
        for e in self.estimators_
        ^^^^^^^^^^^^^^^^^^^^^^^^^
    )
    ^
  File "C:\ProgramData\anaconda3\Lib\site-packages\sklearn\utils\parallel.py", line 82, in __call__
    return super().__call__(iterable_with_config_and_warning_filters)
           ~~~~~~~~~~~~~~~~^^^^^^^^^^^^^^^^^^^^^^^^^^^^^^^^^^^^^^^^^^
  File "C:\ProgramData\anaconda3\Lib\site-packages\joblib\parallel.py", line 2070, in __call__
    next(output)
    ~~~~^^^^^^^^
  File "C:\ProgramData\anaconda3\Lib\site-packages\joblib\parallel.py", line 1675, in _get_outputs
    self._start(iterator, pre_dispatch)
    ~~~~~~~~~~~^^^^^^^^^^^^^^^^^^^^^^^^
  File "C:\ProgramData\anaconda3\Lib\site-packages\joblib\parallel.py", line 1658, in _start
    if self.dispatch_one_batch(iterator):
       ~~~~~~~~~~~~~~~~~~~~~~~^^^^^^^^^^
  File "C:\ProgramData\anaconda3\Lib\site-packages\joblib\parallel.py", line 1540, in dispatch_one_batch
    self._dispatch(tasks)
    ~~~~~~~~~~~~~~^^^^^^^
  File "C:\ProgramData\anaconda3\Lib\site-packages\joblib\parallel.py", line 1437, in _dispatch
    job = self._backend.submit(batch, callback=batch_tracker)
  File "C:\ProgramData\anaconda3\Lib\site-packages\joblib\_parallel_backends.py", line 339, in submit
    return self._get_pool().apply_async(
           ~~~~~~~~~~~~~~^^
  File "C:\ProgramData\anaconda3\Lib\site-packages\joblib\_parallel_backends.py", line 507, in _get_pool
    self._pool = ThreadPool(self._n_jobs)
                 ~~~~~~~~~~^^^^^^^^^^^^^^
  File "C:\ProgramData\anaconda3\Lib\multiprocessing\pool.py", line 930, in __init__
    Pool.__init__(self, processes, initializer, initargs)
    ~~~~~~~~~~~~~^^^^^^^^^^^^^^^^^^^^^^^^^^^^^^^^^^^^^^^^
  File "C:\ProgramData\anaconda3\Lib\multiprocessing\pool.py", line 196, in __init__
    self._change_notifier = self._ctx.SimpleQueue()
                            ~~~~~~~~~~~~~~~~~~~~~^^
  File "C:\ProgramData\anaconda3\Lib\multiprocessing\context.py", line 113, in SimpleQueue
    return SimpleQueue(ctx=self.get_context())
  File "C:\ProgramData\anaconda3\Lib\multiprocessing\queues.py", line 360, in __init__
    self._reader, self._writer = connection.Pipe(duplex=False)
                                 ~~~~~~~~~~~~~~~^^^^^^^^^^^^^^
  File "C:\ProgramData\anaconda3\Lib\multiprocessing\connection.py", line 575, in Pipe
    h2 = _winapi.CreateFile(
        address, access, 0, _winapi.NULL, _winapi.OPEN_EXISTING,
        _winapi.FILE_FLAG_OVERLAPPED, _winapi.NULL
        )
PermissionError: [WinError 5] Access is denied
